-- phpMyAdmin SQL Dump
-- version 4.6.5.2
-- https://www.phpmyadmin.net/
--
-- Host: 127.0.0.1
-- Generation Time: Sep 04, 2017 at 02:34 AM
-- Server version: 10.1.21-MariaDB
-- PHP Version: 5.6.30

SET SQL_MODE = "NO_AUTO_VALUE_ON_ZERO";
SET time_zone = "+00:00";


/*!40101 SET @OLD_CHARACTER_SET_CLIENT=@@CHARACTER_SET_CLIENT */;
/*!40101 SET @OLD_CHARACTER_SET_RESULTS=@@CHARACTER_SET_RESULTS */;
/*!40101 SET @OLD_COLLATION_CONNECTION=@@COLLATION_CONNECTION */;
/*!40101 SET NAMES utf8mb4 */;

--
-- Database: `georgios_tours`
--

-- --------------------------------------------------------

--
-- Table structure for table `aranzman`
--

CREATE TABLE `aranzman` (
  `id_rezervacije` int(11) NOT NULL,
  `sifra_rezervacije` varchar(16) COLLATE utf8_unicode_ci NOT NULL,
  `id_putnika` int(11) NOT NULL,
  `cena_aranzmana` double NOT NULL
) ENGINE=InnoDB DEFAULT CHARSET=utf8 COLLATE=utf8_unicode_ci;

--
-- Dumping data for table `aranzman`
--

INSERT INTO `aranzman` (`id_rezervacije`, `sifra_rezervacije`, `id_putnika`, `cena_aranzmana`) VALUES
(1, 'SR367', 1, 335),
(2, 'SR1580', 2, 335),
(3, 'SR7283', 3, 335),
(4, 'SR05188', 4, 540),
(5, 'SR012728', 5, 30),
(6, 'SR02306', 6, 30),
(7, 'SR014885', 7, 30),
(8, 'SR05977', 8, 30),
(9, 'SR013563', 9, 30),
(10, 'SR019423', 10, 30),
(11, 'SR05658', 11, 30),
(12, 'SR010488', 12, 30),
(13, 'SR020890', 13, 280);

-- --------------------------------------------------------

--
-- Table structure for table `cena_sobe`
--

CREATE TABLE `cena_sobe` (
  `id_hotela` int(11) NOT NULL,
  `id_tipa_sobe` int(11) NOT NULL,
  `cena_po_nocenju` double NOT NULL
) ENGINE=InnoDB DEFAULT CHARSET=utf8 COLLATE=utf8_unicode_ci;

--
-- Dumping data for table `cena_sobe`
--

INSERT INTO `cena_sobe` (`id_hotela`, `id_tipa_sobe`, `cena_po_nocenju`) VALUES
(1, 1, 20),
(1, 2, 40),
(1, 3, 60),
(1, 4, 80),
(1, 5, 100),
(2, 1, 30),
(2, 2, 50),
(2, 3, 70),
(2, 4, 90),
(2, 5, 110),
(3, 1, 30),
(3, 2, 60),
(3, 3, 90),
(3, 4, 120),
(3, 5, 150),
(4, 1, 35),
(4, 2, 55),
(4, 3, 75),
(4, 4, 95),
(4, 5, 115),
(5, 1, 40),
(5, 2, 60),
(5, 3, 80),
(5, 4, 100),
(5, 5, 120),
(6, 1, 45),
(6, 2, 75),
(6, 3, 105),
(6, 4, 135),
(6, 5, 165),
(7, 1, 45),
(7, 2, 70),
(7, 3, 95),
(7, 4, 120),
(7, 5, 145),
(8, 1, 50),
(8, 2, 70),
(8, 3, 90),
(8, 4, 110),
(8, 5, 130),
(9, 1, 20),
(9, 2, 40),
(9, 3, 60),
(9, 4, 80),
(9, 5, 100),
(10, 1, 30),
(10, 2, 50),
(10, 3, 70),
(10, 4, 90),
(10, 5, 110),
(11, 1, 30),
(11, 2, 60),
(11, 3, 90),
(11, 4, 120),
(11, 5, 150),
(12, 1, 35),
(12, 2, 55),
(12, 3, 75),
(12, 4, 95),
(12, 5, 115),
(13, 1, 40),
(13, 2, 60),
(13, 3, 80),
(13, 4, 100),
(13, 5, 120),
(14, 1, 45),
(14, 2, 75),
(14, 3, 105),
(14, 4, 135),
(14, 5, 165),
(15, 1, 45),
(15, 2, 70),
(15, 3, 95),
(15, 4, 120),
(15, 5, 145),
(16, 1, 50),
(16, 2, 70),
(16, 3, 90),
(16, 4, 110),
(16, 5, 130),
(17, 1, 20),
(17, 2, 40),
(17, 3, 60),
(17, 4, 80),
(17, 5, 100),
(18, 1, 30),
(18, 2, 50),
(18, 3, 70),
(18, 4, 90),
(18, 5, 110),
(19, 1, 30),
(19, 2, 60),
(19, 3, 90),
(19, 4, 120),
(19, 5, 150),
(20, 1, 35),
(20, 2, 55),
(20, 3, 75),
(20, 4, 95),
(20, 5, 115),
(21, 1, 40),
(21, 2, 60),
(21, 3, 80),
(21, 4, 100),
(21, 5, 120),
(22, 1, 45),
(22, 2, 75),
(22, 3, 105),
(22, 4, 135),
(22, 5, 165),
(23, 1, 45),
(23, 2, 70),
(23, 3, 95),
(23, 4, 120),
(23, 5, 145),
(24, 1, 50),
(24, 2, 70),
(24, 3, 90),
(24, 4, 110),
(24, 5, 130),
(25, 1, 20),
(25, 2, 40),
(25, 3, 60),
(25, 4, 80),
(25, 5, 100),
(26, 1, 30),
(26, 2, 50),
(26, 3, 70),
(26, 4, 90),
(26, 5, 110),
(27, 1, 30),
(27, 2, 60),
(27, 3, 90),
(27, 4, 120),
(27, 5, 150),
(28, 1, 35),
(28, 2, 55),
(28, 3, 75),
(28, 4, 95),
(28, 5, 115),
(29, 1, 40),
(29, 2, 60),
(29, 3, 80),
(29, 4, 100),
(29, 5, 120),
(30, 1, 45),
(30, 2, 75),
(30, 3, 105),
(30, 4, 135),
(30, 5, 165),
(31, 1, 45),
(31, 2, 70),
(31, 3, 95),
(31, 4, 120),
(31, 5, 145),
(32, 1, 50),
(32, 2, 70),
(32, 3, 90),
(32, 4, 110),
(32, 5, 130),
(33, 1, 20),
(33, 2, 40),
(33, 3, 60),
(33, 4, 80),
(33, 5, 100),
(34, 1, 30),
(34, 2, 50),
(34, 3, 70),
(34, 4, 90),
(34, 5, 110),
(35, 1, 30),
(35, 2, 60),
(35, 3, 90),
(35, 4, 120),
(35, 5, 150),
(36, 1, 35),
(36, 2, 55),
(36, 3, 75),
(36, 4, 95),
(36, 5, 115),
(37, 1, 40),
(37, 2, 60),
(37, 3, 80),
(37, 4, 100),
(37, 5, 120),
(38, 1, 45),
(38, 2, 75),
(38, 3, 105),
(38, 4, 135),
(38, 5, 165),
(39, 1, 45),
(39, 2, 70),
(39, 3, 95),
(39, 4, 120),
(39, 5, 145),
(40, 1, 50),
(40, 2, 70),
(40, 3, 90),
(40, 4, 110),
(40, 5, 130),
(41, 1, 20),
(41, 2, 40),
(41, 3, 60),
(41, 4, 80),
(41, 5, 100),
(42, 1, 30),
(42, 2, 50),
(42, 3, 70),
(42, 4, 90),
(42, 5, 110),
(43, 1, 30),
(43, 2, 60),
(43, 3, 90),
(43, 4, 120),
(43, 5, 150),
(44, 1, 35),
(44, 2, 55),
(44, 3, 75),
(44, 4, 95),
(44, 5, 115),
(45, 1, 40),
(45, 2, 60),
(45, 3, 80),
(45, 4, 100),
(45, 5, 120),
(46, 1, 45),
(46, 2, 75),
(46, 3, 105),
(46, 4, 135),
(46, 5, 165),
(47, 1, 45),
(47, 2, 70),
(47, 3, 95),
(47, 4, 120),
(47, 5, 145),
(48, 1, 50),
(48, 2, 70),
(48, 3, 90),
(48, 4, 110),
(48, 5, 130),
(49, 1, 20),
(49, 2, 40),
(49, 3, 60),
(49, 4, 80),
(49, 5, 100),
(50, 1, 30),
(50, 2, 50),
(50, 3, 70),
(50, 4, 90),
(50, 5, 110),
(51, 1, 30),
(51, 2, 60),
(51, 3, 90),
(51, 4, 120),
(51, 5, 150),
(52, 1, 35),
(52, 2, 55),
(52, 3, 75),
(52, 4, 95),
(52, 5, 115),
(53, 1, 40),
(53, 2, 60),
(53, 3, 80),
(53, 4, 100),
(53, 5, 120),
(54, 1, 45),
(54, 2, 75),
(54, 3, 105),
(54, 4, 135),
(54, 5, 165),
(55, 1, 45),
(55, 2, 70),
(55, 3, 95),
(55, 4, 120),
(55, 5, 145),
(56, 1, 50),
(56, 2, 70),
(56, 3, 90),
(56, 4, 110),
(56, 5, 130),
(57, 1, 20),
(57, 2, 40),
(57, 3, 60),
(57, 4, 80),
(57, 5, 100),
(58, 1, 30),
(58, 2, 50),
(58, 3, 70),
(58, 4, 90),
(58, 5, 110),
(59, 1, 30),
(59, 2, 60),
(59, 3, 90),
(59, 4, 120),
(59, 5, 150),
(60, 1, 35),
(60, 2, 55),
(60, 3, 75),
(60, 4, 95),
(60, 5, 115),
(61, 1, 40),
(61, 2, 60),
(61, 3, 80),
(61, 4, 100),
(61, 5, 120),
(62, 1, 45),
(62, 2, 75),
(62, 3, 105),
(62, 4, 135),
(62, 5, 165),
(63, 1, 45),
(63, 2, 70),
(63, 3, 95),
(63, 4, 120),
(63, 5, 145),
(64, 1, 50),
(64, 2, 70),
(64, 3, 90),
(64, 4, 110),
(64, 5, 130),
(65, 1, 20),
(65, 2, 40),
(65, 3, 60),
(65, 4, 80),
(65, 5, 100),
(66, 1, 30),
(66, 2, 50),
(66, 3, 70),
(66, 4, 90),
(66, 5, 110),
(67, 1, 30),
(67, 2, 60),
(67, 3, 90),
(67, 4, 120),
(67, 5, 150),
(68, 1, 35),
(68, 2, 55),
(68, 3, 75),
(68, 4, 95),
(68, 5, 115),
(69, 1, 40),
(69, 2, 60),
(69, 3, 80),
(69, 4, 100),
(69, 5, 120),
(70, 1, 45),
(70, 2, 75),
(70, 3, 105),
(70, 4, 135),
(70, 5, 165),
(71, 1, 45),
(71, 2, 70),
(71, 3, 95),
(71, 4, 120),
(71, 5, 145),
(72, 1, 50),
(72, 2, 70),
(72, 3, 90),
(72, 4, 110),
(72, 5, 130),
(73, 1, 20),
(73, 2, 40),
(73, 3, 60),
(73, 4, 80),
(73, 5, 100),
(74, 1, 30),
(74, 2, 50),
(74, 3, 70),
(74, 4, 90),
(74, 5, 110),
(75, 1, 30),
(75, 2, 60),
(75, 3, 90),
(75, 4, 120),
(75, 5, 150),
(76, 1, 35),
(76, 2, 55),
(76, 3, 75),
(76, 4, 95),
(76, 5, 115),
(77, 1, 40),
(77, 2, 60),
(77, 3, 80),
(77, 4, 100),
(77, 5, 120),
(78, 1, 45),
(78, 2, 75),
(78, 3, 105),
(78, 4, 135),
(78, 5, 165),
(79, 1, 45),
(79, 2, 70),
(79, 3, 95),
(79, 4, 120),
(79, 5, 145),
(80, 1, 50),
(80, 2, 70),
(80, 3, 90),
(80, 4, 110),
(80, 5, 130),
(81, 1, 20),
(81, 2, 40),
(81, 3, 60),
(81, 4, 80),
(81, 5, 100),
(82, 1, 30),
(82, 2, 50),
(82, 3, 70),
(82, 4, 90),
(82, 5, 110),
(83, 1, 30),
(83, 2, 60),
(83, 3, 90),
(83, 4, 120),
(83, 5, 150),
(84, 1, 35),
(84, 2, 55),
(84, 3, 75),
(84, 4, 95),
(84, 5, 115),
(85, 1, 40),
(85, 2, 60),
(85, 3, 80),
(85, 4, 100),
(85, 5, 120),
(86, 1, 45),
(86, 2, 75),
(86, 3, 105),
(86, 4, 135),
(86, 5, 165),
(87, 1, 45),
(87, 2, 70),
(87, 3, 95),
(87, 4, 120),
(87, 5, 145),
(88, 1, 50),
(88, 2, 70),
(88, 3, 90),
(88, 4, 110),
(88, 5, 130),
(89, 1, 20),
(89, 2, 40),
(89, 3, 60),
(89, 4, 80),
(89, 5, 100),
(90, 1, 30),
(90, 2, 50),
(90, 3, 70),
(90, 4, 90),
(90, 5, 110),
(91, 1, 30),
(91, 2, 60),
(91, 3, 90),
(91, 4, 120),
(91, 5, 150),
(92, 1, 35),
(92, 2, 55),
(92, 3, 75),
(92, 4, 95),
(92, 5, 115),
(93, 1, 40),
(93, 2, 60),
(93, 3, 80),
(93, 4, 100),
(93, 5, 120),
(94, 1, 45),
(94, 2, 75),
(94, 3, 105),
(94, 4, 135),
(94, 5, 165),
(95, 1, 45),
(95, 2, 70),
(95, 3, 95),
(95, 4, 120),
(95, 5, 145),
(96, 1, 50),
(96, 2, 70),
(96, 3, 90),
(96, 4, 110),
(96, 5, 130),
(97, 1, 20),
(97, 2, 40),
(97, 3, 60),
(97, 4, 80),
(97, 5, 100),
(98, 1, 30),
(98, 2, 50),
(98, 3, 70),
(98, 4, 90),
(98, 5, 110),
(99, 1, 30),
(99, 2, 60),
(99, 3, 90),
(99, 4, 120),
(99, 5, 150),
(100, 1, 35),
(100, 2, 55),
(100, 3, 75),
(100, 4, 95),
(100, 5, 115),
(101, 1, 40),
(101, 2, 60),
(101, 3, 80),
(101, 4, 100),
(101, 5, 120),
(102, 1, 45),
(102, 2, 75),
(102, 3, 105),
(102, 4, 135),
(102, 5, 165),
(103, 1, 45),
(103, 2, 70),
(103, 3, 95),
(103, 4, 120),
(103, 5, 145),
(104, 1, 50),
(104, 2, 70),
(104, 3, 90),
(104, 4, 110),
(104, 5, 130),
(105, 1, 20),
(105, 2, 40),
(105, 3, 60),
(105, 4, 80),
(105, 5, 100),
(106, 1, 30),
(106, 2, 50),
(106, 3, 70),
(106, 4, 90),
(106, 5, 110),
(107, 1, 30),
(107, 2, 60),
(107, 3, 90),
(107, 4, 120),
(107, 5, 150),
(108, 1, 35),
(108, 2, 55),
(108, 3, 75),
(108, 4, 95),
(108, 5, 115),
(109, 1, 40),
(109, 2, 60),
(109, 3, 80),
(109, 4, 100),
(109, 5, 120),
(110, 1, 45),
(110, 2, 75),
(110, 3, 105),
(110, 4, 135),
(110, 5, 165),
(111, 1, 45),
(111, 2, 70),
(111, 3, 95),
(111, 4, 120),
(111, 5, 145),
(112, 1, 50),
(112, 2, 70),
(112, 3, 90),
(112, 4, 110),
(112, 5, 130),
(113, 1, 20),
(113, 2, 40),
(113, 3, 60),
(113, 4, 80),
(113, 5, 100),
(114, 1, 30),
(114, 2, 50),
(114, 3, 70),
(114, 4, 90),
(114, 5, 110),
(115, 1, 30),
(115, 2, 60),
(115, 3, 90),
(115, 4, 120),
(115, 5, 150),
(116, 1, 35),
(116, 2, 55),
(116, 3, 75),
(116, 4, 95),
(116, 5, 115);

-- --------------------------------------------------------

--
-- Table structure for table `destinacija`
--

CREATE TABLE `destinacija` (
  `id_destinacije` int(11) NOT NULL,
  `id_drzave` int(11) NOT NULL,
  `ime_destinacije` varchar(256) COLLATE utf8_unicode_ci NOT NULL,
  `opis_destinacije` varchar(512) COLLATE utf8_unicode_ci NOT NULL
) ENGINE=InnoDB DEFAULT CHARSET=utf8 COLLATE=utf8_unicode_ci;

--
-- Dumping data for table `destinacija`
--

INSERT INTO `destinacija` (`id_destinacije`, `id_drzave`, `ime_destinacije`, `opis_destinacije`) VALUES
(1, 1, 'Atina', 'Veoma lepo i sunčano mesto.'),
(2, 1, 'Krf', 'Veoma lepo i sunčano mesto.'),
(3, 1, 'Lefkada', 'Veoma lepo i sunčano mesto.'),
(4, 1, 'Mikonos', 'Veoma lepo i sunčano mesto.'),
(5, 1, 'Tasos', 'Veoma lepo i sunčano mesto.'),
(6, 2, 'Milano', 'Prelepo mesto od istorijskog značaja.'),
(7, 2, 'Rim', 'Prelepo mesto od istorijskog značaja.'),
(8, 2, 'Sicilija', 'Prelepo mesto od istorijskog značaja.'),
(9, 2, 'Venecija', 'Prelepo mesto od istorijskog značaja.'),
(10, 3, 'Alanja', 'Letovaliste sa hotelima visokog nivoa.'),
(11, 3, 'Bodrum', 'Letovaliste sa hotelima visokog nivoa.'),
(12, 3, 'Kušadasi', 'Letovaliste sa hotelima visokog nivoa.'),
(13, 3, 'Marmaris', 'Letovaliste sa hotelima visokog nivoa.');

-- --------------------------------------------------------

--
-- Table structure for table `drzava`
--

CREATE TABLE `drzava` (
  `id_drzave` int(11) NOT NULL,
  `ime_drzave` varchar(256) COLLATE utf8_unicode_ci NOT NULL
) ENGINE=InnoDB DEFAULT CHARSET=utf8 COLLATE=utf8_unicode_ci;

--
-- Dumping data for table `drzava`
--

INSERT INTO `drzava` (`id_drzave`, `ime_drzave`) VALUES
(1, 'Grčka'),
(2, 'Italija'),
(3, 'Turska');

-- --------------------------------------------------------

--
-- Table structure for table `hotel`
--

CREATE TABLE `hotel` (
  `id_hotela` int(11) NOT NULL,
  `id_destinacije` int(11) NOT NULL,
  `ime_hotela` varchar(256) COLLATE utf8_unicode_ci NOT NULL,
  `zvezdice` int(11) NOT NULL,
  `opis_hotela` varchar(512) COLLATE utf8_unicode_ci NOT NULL
) ENGINE=InnoDB DEFAULT CHARSET=utf8 COLLATE=utf8_unicode_ci;

--
-- Dumping data for table `hotel`
--

INSERT INTO `hotel` (`id_hotela`, `id_destinacije`, `ime_hotela`, `zvezdice`, `opis_hotela`) VALUES
(1, 1, 'London', 3, 'Vrhunska usluga i lokacija.'),
(2, 1, 'Alexandros', 4, 'Vrhunska usluga i lokacija.'),
(3, 1, 'Amalia', 4, 'Vrhunska usluga i lokacija.'),
(4, 1, 'Candia', 4, 'Vrhunska usluga i lokacija.'),
(5, 1, 'Coral', 4, 'Vrhunska usluga i lokacija.'),
(6, 1, 'Emmantina', 4, 'Vrhunska usluga i lokacija.'),
(7, 1, 'Fenix', 4, 'Vrhunska usluga i lokacija.'),
(8, 1, 'Divani Apollon Palace', 5, 'Vrhunska usluga i lokacija.'),
(9, 1, 'Divani Apollon Suites', 5, 'Vrhunska usluga i lokacija.'),
(10, 1, 'Vouliagmeni', 5, 'Vrhunska usluga i lokacija.'),
(11, 2, 'Domenico', 2, 'Neodoljiv pogled na more.'),
(12, 2, 'Angelina', 3, 'Neodoljiv pogled na more.'),
(13, 2, 'Belvedere', 3, 'Neodoljiv pogled na more.'),
(14, 2, 'Sunset', 3, 'Neodoljiv pogled na more.'),
(15, 2, 'Alexandros', 4, 'Neodoljiv pogled na more.'),
(16, 2, 'Blue Princess Beach Resort', 4, 'Neodoljiv pogled na more.'),
(17, 2, 'Memento Kassiopi Resort', 4, 'Neodoljiv pogled na more.'),
(18, 2, 'Corfu Holiday Palace', 5, 'Neodoljiv pogled na more.'),
(19, 2, 'Kontolaki Bay', 5, 'Neodoljiv pogled na more.'),
(20, 2, 'Mayor Pelekas Monastery', 5, 'Neodoljiv pogled na more.'),
(21, 3, 'Vergina Star', 2, 'Nezaboravan pogled na zalazak sunca.'),
(22, 3, 'Agios Nikitas', 3, 'Nezaboravan pogled na zalazak sunca.'),
(23, 3, 'Christina', 3, 'Nezaboravan pogled na zalazak sunca.'),
(24, 3, 'Kalias', 3, 'Nezaboravan pogled na zalazak sunca.'),
(25, 3, 'Kastro Maistro', 3, 'Nezaboravan pogled na zalazak sunca.'),
(26, 3, 'Aliki', 4, 'Nezaboravan pogled na zalazak sunca.'),
(27, 3, 'Georgio Palace', 4, 'Nezaboravan pogled na zalazak sunca.'),
(28, 3, 'Porto Galini', 4, 'Nezaboravan pogled na zalazak sunca.'),
(29, 3, 'San Nicolas Resort', 4, 'Nezaboravan pogled na zalazak sunca.'),
(30, 3, 'Ionian Blue', 5, 'Nezaboravan pogled na zalazak sunca.'),
(31, 4, 'Thomas', 2, 'Nezaboravan pogled na zalazak sunca.'),
(32, 4, 'Adonis', 3, 'Nezaboravan pogled na zalazak sunca.'),
(33, 4, 'Aeolos', 3, 'Nezaboravan pogled na zalazak sunca.'),
(34, 4, 'Ilio Maris', 3, 'Nezaboravan pogled na zalazak sunca.'),
(35, 4, 'Archipelagos', 4, 'Nezaboravan pogled na zalazak sunca.'),
(36, 4, 'Leto', 4, 'Nezaboravan pogled na zalazak sunca.'),
(37, 4, 'Mykonos View', 4, 'Nezaboravan pogled na zalazak sunca.'),
(38, 4, 'Myconian Ambassador', 5, 'Nezaboravan pogled na zalazak sunca.'),
(39, 4, 'Myconian Imperial', 5, 'Nezaboravan pogled na zalazak sunca.'),
(40, 4, 'San Marco', 5, 'Nezaboravan pogled na zalazak sunca.'),
(41, 5, 'Dimitris', 2, 'Pravi raj za miran odmor.'),
(42, 5, 'Aethria', 3, 'Pravi raj za miran odmor.'),
(43, 5, 'Potos', 3, 'Pravi raj za miran odmor.'),
(44, 5, 'Trypiti', 3, 'Pravi raj za miran odmor.'),
(45, 5, 'Atrium', 4, 'Pravi raj za miran odmor.'),
(46, 5, 'Ocean Beach', 4, 'Pravi raj za miran odmor.'),
(47, 5, 'Princess Golden Beach', 4, 'Pravi raj za miran odmor.'),
(48, 5, 'Alexandra Golden Boutique', 5, 'Pravi raj za miran odmor.'),
(49, 5, 'Lucy', 5, 'Pravi raj za miran odmor.'),
(50, 5, 'Royal Paradise', 5, 'Pravi raj za miran odmor.'),
(51, 6, 'Accuriso', 3, 'U samom centru gradu.'),
(52, 6, 'Porta Romana', 3, 'U samom centru gradu.'),
(53, 6, 'Zara', 3, 'U samom centru gradu.'),
(54, 6, 'Colombia', 4, 'U samom centru gradu.'),
(55, 6, 'Cristoforo Colombo', 4, 'U samom centru gradu.'),
(56, 6, 'Galilio', 4, 'U samom centru gradu.'),
(57, 6, 'Westin Palace', 4, 'U samom centru gradu.'),
(58, 6, 'Boscolo', 5, 'U samom centru gradu.'),
(59, 6, 'Bvlgari', 5, 'U samom centru gradu.'),
(60, 6, 'Park Hyatt', 5, 'U samom centru gradu.'),
(61, 7, 'Adagio', 3, 'U samoj blizini znacajnijih znamenitosti Rima.'),
(62, 7, 'Indigo', 3, 'U samoj blizini znacajnijih znamenitosti Rima.'),
(63, 7, 'Aldrovandi', 4, 'U samoj blizini znacajnijih znamenitosti Rima.'),
(64, 7, 'Fendi', 4, 'U samoj blizini znacajnijih znamenitosti Rima.'),
(65, 7, 'Boscolo', 5, 'U samoj blizini znacajnijih znamenitosti Rima.'),
(66, 7, 'De La Minerve', 5, 'U samoj blizini znacajnijih znamenitosti Rima.'),
(67, 7, 'Palazzo Cinquecento', 5, 'U samoj blizini znacajnijih znamenitosti Rima.'),
(68, 7, 'Rome Cavalieri', 5, 'U samoj blizini znacajnijih znamenitosti Rima.'),
(69, 7, 'Splendide Royal', 5, 'U samoj blizini znacajnijih znamenitosti Rima.'),
(70, 8, 'Albatros', 3, 'Stari, tradicionalni hotel.'),
(71, 8, 'Pamar', 3, 'Stari, tradicionalni hotel.'),
(72, 8, 'San Pietro', 3, 'Stari, tradicionalni hotel.'),
(73, 8, 'Alberi Del Paradiso', 4, 'Stari, tradicionalni hotel.'),
(74, 8, 'Blue Bay Cefalu', 4, 'Stari, tradicionalni hotel.'),
(75, 8, 'Dolcestate', 4, 'Stari, tradicionalni hotel.'),
(76, 8, 'Hellenia Yachting', 4, 'Stari, tradicionalni hotel.'),
(77, 8, 'Mondello Palace', 4, 'Stari, tradicionalni hotel.'),
(78, 8, 'Splendid La Torre', 4, 'Stari, tradicionalni hotel.'),
(79, 8, 'Le Calette Garden', 5, 'Stari, tradicionalni hotel.'),
(80, 9, 'Abbazia', 3, 'Savrsen hotel za parove.'),
(81, 9, 'Continental', 4, 'Savrsen hotel za parove.'),
(82, 9, 'Corte Di Gabriela', 4, 'Savrsen hotel za parove.'),
(83, 9, 'L\'Orologio', 4, 'Savrsen hotel za parove.'),
(84, 9, 'Hilton Molino', 5, 'Savrsen hotel za parove.'),
(85, 9, 'Rialto', 5, 'Savrsen hotel za parove.'),
(86, 10, 'Grand Bayar', 3, 'Na samoj obali mora.'),
(87, 10, 'Karat', 3, 'Na samoj obali mora.'),
(88, 10, 'Tac Premier', 4, 'Na samoj obali mora.'),
(89, 10, 'Xperia Grand Bali', 4, 'Na samoj obali mora.'),
(90, 10, 'Azura Deluxe', 5, 'Na samoj obali mora.'),
(91, 10, 'Delphin Botanik', 5, 'Na samoj obali mora.'),
(92, 10, 'Mukarnas Resort', 5, 'Na samoj obali mora.'),
(93, 10, 'Rubi Platinum', 5, 'Na samoj obali mora.'),
(94, 10, 'Utopia World', 5, 'Na samoj obali mora.'),
(95, 11, 'Skylife', 3, 'Na samoj obali mora.'),
(96, 11, 'Parkim Ayaz', 4, 'Na samoj obali mora.'),
(97, 11, 'Bay Resort', 5, 'Na samoj obali mora.'),
(98, 11, 'Crystal Green Bay', 5, 'Na samoj obali mora.'),
(99, 11, 'Hilton Turkbuku', 5, 'Na samoj obali mora.'),
(100, 11, 'Isis Goddess', 5, 'Na samoj obali mora.'),
(101, 11, 'Yasmin Resort', 5, 'Na samoj obali mora.'),
(102, 12, 'Omer Holiday', 4, 'Na samoj obali mora. Idealan za porodicu sa malom decom.'),
(103, 12, 'Amara Sealight', 5, 'Na samoj obali mora. Idealan za porodicu sa malom decom.'),
(104, 12, 'Aqua Fantasy', 5, 'Na samoj obali mora. Idealan za porodicu sa malom decom.'),
(105, 12, 'Fantasia', 5, 'Na samoj obali mora. Idealan za porodicu sa malom decom.'),
(106, 12, 'Korumar De Luxe', 5, 'Na samoj obali mora. Idealan za porodicu sa malom decom.'),
(107, 12, 'Korumar Ephesus', 5, 'Na samoj obali mora. Idealan za porodicu sa malom decom.'),
(108, 12, 'Sunis Royal Palace', 5, 'Na samoj obali mora. Idealan za porodicu sa malom decom.'),
(109, 13, 'Begonville', 3, 'Na samoj obali mora. Idealan za porodicu sa malom decom.'),
(110, 13, 'Marbas', 3, 'Na samoj obali mora. Idealan za porodicu sa malom decom.'),
(111, 13, 'Orka Nergis', 3, 'Na samoj obali mora. Idealan za porodicu sa malom decom.'),
(112, 13, 'Marti La Perla', 4, 'Na samoj obali mora. Idealan za porodicu sa malom decom.'),
(113, 13, 'Sentido Sea Star', 4, 'Na samoj obali mora. Idealan za porodicu sa malom decom.'),
(114, 13, 'Grand Yazici', 5, 'Na samoj obali mora. Idealan za porodicu sa malom decom.'),
(115, 13, 'Marti Resort', 5, 'Na samoj obali mora. Idealan za porodicu sa malom decom.'),
(116, 13, 'Munamar Residence', 5, 'Na samoj obali mora. Idealan za porodicu sa malom decom.');

-- --------------------------------------------------------

--
-- Table structure for table `kreditna_kartica`
--

CREATE TABLE `kreditna_kartica` (
  `broj_kartice` varchar(32) COLLATE utf8_unicode_ci NOT NULL,
  `tip_kartice` varchar(32) COLLATE utf8_unicode_ci NOT NULL,
  `ime_i_prezime_na_kartici` varchar(256) COLLATE utf8_unicode_ci NOT NULL,
  `datum_isteka` varchar(32) COLLATE utf8_unicode_ci NOT NULL,
  `CVC` varchar(8) COLLATE utf8_unicode_ci NOT NULL,
  `stanje_na_kartici` double NOT NULL
) ENGINE=InnoDB DEFAULT CHARSET=utf8 COLLATE=utf8_unicode_ci ROW_FORMAT=COMPACT;

--
-- Dumping data for table `kreditna_kartica`
--

INSERT INTO `kreditna_kartica` (`broj_kartice`, `tip_kartice`, `ime_i_prezime_na_kartici`, `datum_isteka`, `CVC`, `stanje_na_kartici`) VALUES
('00898', 'MasterCard', 'Djordjije Cupic', '22/2020', '247', 764.68151182854),
('1111111', 'MasterCard', 'Djordjije Cupic', '22/2020', '247', 392.4068782633691),
('123', 'MasterCard', 'Djordjije Cupic', '22/2020', '247', 1100.3666006616663),
('123123', 'MasterCard', 'Cedomir Cupic', '22/20', '247', 812.0166487161384),
('123455667', 'MasterCard', 'Djordjije Cupic', '22/2020', '247', 798.4795086100004),
('12345678910', 'MasterCard', 'Djordjije Cupic', '22/2020', '247', 755.3585856598262),
('1834327', 'MasterCard', 'Djordjije Cupic', '22/2020', '247', 16.562538222667847),
('231564', 'Maestro', 'Cedomir Cupic', '22/20', '247', 237.8643920043305),
('33213', 'MasterCard', 'Djordjije Cupic', '22/2020', '247', 435.87773135308555),
('512421', 'Visa', 'Rajkula', '22/20', '247', 39.19769092336054),
('531412', 'MasterCard', 'Vojin Doncev', '22/20', '234', 629.966589949634),
('532643321', 'MasterCard', 'Djordjije Cupic', '22/2020', '247', 497.89888213693666),
('54213', 'MasterCard', 'Cedomir Cupic', '22/20', '247', 311.9929687921077);

-- --------------------------------------------------------

--
-- Table structure for table `prevozno_sredstvo`
--

CREATE TABLE `prevozno_sredstvo` (
  `id_prevoza` int(11) NOT NULL,
  `nacin_prevoza` varchar(256) COLLATE utf8_unicode_ci NOT NULL
) ENGINE=InnoDB DEFAULT CHARSET=utf8 COLLATE=utf8_unicode_ci;

--
-- Dumping data for table `prevozno_sredstvo`
--

INSERT INTO `prevozno_sredstvo` (`id_prevoza`, `nacin_prevoza`) VALUES
(1, 'sopstvena režija'),
(2, 'autobus'),
(3, 'avion');

-- --------------------------------------------------------

--
-- Table structure for table `putnik`
--

CREATE TABLE `putnik` (
  `id_putnika` int(11) NOT NULL,
  `broj_pasosa` varchar(32) COLLATE utf8_unicode_ci NOT NULL,
  `ime_i_prezime_putnika` varchar(256) COLLATE utf8_unicode_ci NOT NULL,
  `kontakt_telefon` varchar(16) COLLATE utf8_unicode_ci NOT NULL,
  `email` varchar(32) COLLATE utf8_unicode_ci NOT NULL,
  `broj_kartice` varchar(32) COLLATE utf8_unicode_ci NOT NULL
) ENGINE=InnoDB DEFAULT CHARSET=utf8 COLLATE=utf8_unicode_ci;

--
-- Dumping data for table `putnik`
--

INSERT INTO `putnik` (`id_putnika`, `broj_pasosa`, `ime_i_prezime_putnika`, `kontakt_telefon`, `email`, `broj_kartice`) VALUES
(1, '2210993710158', 'Djordjije Cupic', '0643224348', 'cupic@ikomline.net', '123123'),
(2, '2210993710158', 'Djordjije Cupic', '0643224348', 'cupic@ikomline.net', '54213'),
(3, '2210993710158', 'Djordjije Cupic', '0643224348', 'cupic@ikomline.net', '231564'),
(4, '23213201312932', 'Vojin Doncev', '04213213321312', 'vojin@kurac.com', '531412'),
(5, '2210993710158', 'Djordjije Cupic', '0643224348', 'cupic@ikomline.net', '12345678910'),
(6, '2210993710158', 'Djordjije Cupic', '0643224348', 'cupic@ikomline.net', '123455667'),
(7, '2210993710158', 'Djordjije Cupic', '0643224348', 'cupic@ikomline.net', '532643321'),
(8, '2210993710158', 'Djordjije Cupic', '0643224348', 'cupic@ikomline.net', '33213'),
(9, '2210993710158', 'Ä?orÄ?ije Ä?upiÄ?', '0643224348', 'cupic@ikomline.net', '1111111'),
(10, '2210993710158', 'Ä?orÄ?ije Ä?upiÄ?', '0643224348', 'cupic@ikomline.net', '1834327'),
(11, '2210993710158', 'Ä?ole Ä?upiÄ?', '0643224348', 'cupic@ikomline.net', '00898'),
(12, '2210993710158', 'Djordjije Cupic', '0643224348', 'cupic@ikomline.net', '123'),
(13, '21312412414213213w', 'Dejan Obradovic', '06431232131231', 'dejan@kurac.gmail', '512421');

-- --------------------------------------------------------

--
-- Table structure for table `rezervisana_soba`
--

CREATE TABLE `rezervisana_soba` (
  `id_sobe` int(11) NOT NULL,
  `id_rezervacije` int(11) NOT NULL,
  `pocetak_rezervacije` varchar(256) COLLATE utf8_unicode_ci DEFAULT NULL,
  `kraj_rezervacije` varchar(256) COLLATE utf8_unicode_ci DEFAULT NULL
) ENGINE=InnoDB DEFAULT CHARSET=utf8 COLLATE=utf8_unicode_ci;

--
-- Dumping data for table `rezervisana_soba`
--

INSERT INTO `rezervisana_soba` (`id_sobe`, `id_rezervacije`, `pocetak_rezervacije`, `kraj_rezervacije`) VALUES
(51, 2, '2017-09-06', '2017-09-09'),
(51, 3, '2017-09-06', '2017-09-09'),
(56, 1, '2017-09-06', '2017-09-09'),
(62, 13, '2017-10-01', '2017-10-05'),
(72, 4, '2017-10-05', '2017-10-07'),
(1041, 7, '2017-09-05', '2017-09-06'),
(1041, 8, '2017-09-05', '2017-09-06'),
(1041, 9, '2017-09-05', '2017-09-06'),
(1041, 10, '2017-09-05', '2017-09-06'),
(1041, 12, '2017-09-05', '2017-09-06'),
(1046, 5, '2017-09-05', '2017-09-06'),
(1046, 6, '2017-09-05', '2017-09-06'),
(1046, 11, '2017-09-05', '2017-09-06');

-- --------------------------------------------------------

--
-- Table structure for table `slika`
--

CREATE TABLE `slika` (
  `id_slike` int(11) NOT NULL,
  `id_hotela` int(11) NOT NULL,
  `putanja_slike` varchar(256) COLLATE utf8_unicode_ci NOT NULL
) ENGINE=InnoDB DEFAULT CHARSET=utf8 COLLATE=utf8_unicode_ci;

--
-- Dumping data for table `slika`
--

INSERT INTO `slika` (`id_slike`, `id_hotela`, `putanja_slike`) VALUES
(1, 1, 'images/Grcka/Atina/3 London/01.jpg'),
(2, 1, 'images/Grcka/Atina/3 London/02.jpg'),
(3, 1, 'images/Grcka/Atina/3 London/03.jpg'),
(4, 1, 'images/Grcka/Atina/3 London/04.jpg'),
(5, 1, 'images/Grcka/Atina/3 London/05.jpg'),
(6, 1, 'images/Grcka/Atina/3 London/06.jpg'),
(7, 2, 'images/Grcka/Atina/4 Alexandros/01.jpg'),
(8, 2, 'images/Grcka/Atina/4 Alexandros/02.jpg'),
(9, 2, 'images/Grcka/Atina/4 Alexandros/03.jpg'),
(10, 2, 'images/Grcka/Atina/4 Alexandros/04.jpg'),
(11, 2, 'images/Grcka/Atina/4 Alexandros/05.jpg'),
(12, 2, 'images/Grcka/Atina/4 Alexandros/06.jpg'),
(13, 3, 'images/Grcka/Atina/4 Amalia/01.jpg'),
(14, 3, 'images/Grcka/Atina/4 Amalia/02.jpg'),
(15, 3, 'images/Grcka/Atina/4 Amalia/03.jpg'),
(16, 3, 'images/Grcka/Atina/4 Amalia/04.jpg'),
(17, 3, 'images/Grcka/Atina/4 Amalia/05.jpg'),
(18, 3, 'images/Grcka/Atina/4 Amalia/06.jpg'),
(19, 4, 'images/Grcka/Atina/4 Candia/01.jpg'),
(20, 4, 'images/Grcka/Atina/4 Candia/02.jpg'),
(21, 4, 'images/Grcka/Atina/4 Candia/03.jpg'),
(22, 4, 'images/Grcka/Atina/4 Candia/04.jpg'),
(23, 4, 'images/Grcka/Atina/4 Candia/05.jpg'),
(24, 4, 'images/Grcka/Atina/4 Candia/06.jpg'),
(25, 5, 'images/Grcka/Atina/4 Coral/01.jpg'),
(26, 5, 'images/Grcka/Atina/4 Coral/02.jpg'),
(27, 5, 'images/Grcka/Atina/4 Coral/03.jpg'),
(28, 5, 'images/Grcka/Atina/4 Coral/04.jpg'),
(29, 5, 'images/Grcka/Atina/4 Coral/05.jpg'),
(30, 5, 'images/Grcka/Atina/4 Coral/06.jpg'),
(31, 6, 'images/Grcka/Atina/4 Emmantina/01.jpg'),
(32, 6, 'images/Grcka/Atina/4 Emmantina/02.jpg'),
(33, 6, 'images/Grcka/Atina/4 Emmantina/03.jpg'),
(34, 6, 'images/Grcka/Atina/4 Emmantina/04.jpg'),
(35, 6, 'images/Grcka/Atina/4 Emmantina/05.jpg'),
(36, 6, 'images/Grcka/Atina/4 Emmantina/06.jpg'),
(37, 7, 'images/Grcka/Atina/4 Fenix/01.jpg'),
(38, 7, 'images/Grcka/Atina/4 Fenix/02.jpg'),
(39, 7, 'images/Grcka/Atina/4 Fenix/03.jpg'),
(40, 7, 'images/Grcka/Atina/4 Fenix/04.jpg'),
(41, 7, 'images/Grcka/Atina/4 Fenix/05.jpg'),
(42, 7, 'images/Grcka/Atina/4 Fenix/06.jpg'),
(43, 8, 'images/Grcka/Atina/5 Divani Apollon Palace/01.jpg'),
(44, 8, 'images/Grcka/Atina/5 Divani Apollon Palace/02.jpg'),
(45, 8, 'images/Grcka/Atina/5 Divani Apollon Palace/03.jpg'),
(46, 8, 'images/Grcka/Atina/5 Divani Apollon Palace/04.jpg'),
(47, 8, 'images/Grcka/Atina/5 Divani Apollon Palace/05.jpg'),
(48, 8, 'images/Grcka/Atina/5 Divani Apollon Palace/06.jpg'),
(49, 9, 'images/Grcka/Atina/5 Divani Apollon Suites/01.jpg'),
(50, 9, 'images/Grcka/Atina/5 Divani Apollon Suites/02.jpg'),
(51, 9, 'images/Grcka/Atina/5 Divani Apollon Suites/03.jpg'),
(52, 9, 'images/Grcka/Atina/5 Divani Apollon Suites/04.jpg'),
(53, 9, 'images/Grcka/Atina/5 Divani Apollon Suites/05.jpg'),
(54, 9, 'images/Grcka/Atina/5 Divani Apollon Suites/06.jpg'),
(55, 10, 'images/Grcka/Atina/5 Vouliagmeni/01.jpg'),
(56, 10, 'images/Grcka/Atina/5 Vouliagmeni/02.jpg'),
(57, 10, 'images/Grcka/Atina/5 Vouliagmeni/03.jpg'),
(58, 10, 'images/Grcka/Atina/5 Vouliagmeni/04.jpg'),
(59, 10, 'images/Grcka/Atina/5 Vouliagmeni/05.jpg'),
(60, 10, 'images/Grcka/Atina/5 Vouliagmeni/06.jpg'),
(61, 11, 'images/Grcka/Krf/2 Domenico/01.jpg'),
(62, 11, 'images/Grcka/Krf/2 Domenico/02.jpg'),
(63, 11, 'images/Grcka/Krf/2 Domenico/03.jpg'),
(64, 11, 'images/Grcka/Krf/2 Domenico/04.jpg'),
(65, 11, 'images/Grcka/Krf/2 Domenico/05.jpg'),
(66, 11, 'images/Grcka/Krf/2 Domenico/06.jpg'),
(67, 12, 'images/Grcka/Krf/3 Angelina/01.jpg'),
(68, 12, 'images/Grcka/Krf/3 Angelina/02.jpg'),
(69, 12, 'images/Grcka/Krf/3 Angelina/03.jpg'),
(70, 12, 'images/Grcka/Krf/3 Angelina/04.jpg'),
(71, 12, 'images/Grcka/Krf/3 Angelina/05.jpg'),
(72, 12, 'images/Grcka/Krf/3 Angelina/06.jpg'),
(73, 13, 'images/Grcka/Krf/3 Belvedere/01.jpg'),
(74, 13, 'images/Grcka/Krf/3 Belvedere/02.jpg'),
(75, 13, 'images/Grcka/Krf/3 Belvedere/03.jpg'),
(76, 13, 'images/Grcka/Krf/3 Belvedere/04.jpg'),
(77, 13, 'images/Grcka/Krf/3 Belvedere/05.jpg'),
(78, 13, 'images/Grcka/Krf/3 Belvedere/06.jpg'),
(79, 14, 'images/Grcka/Krf/3 Sunset/01.jpg'),
(80, 14, 'images/Grcka/Krf/3 Sunset/02.jpg'),
(81, 14, 'images/Grcka/Krf/3 Sunset/03.jpg'),
(82, 14, 'images/Grcka/Krf/3 Sunset/04.jpg'),
(83, 14, 'images/Grcka/Krf/3 Sunset/05.jpg'),
(84, 14, 'images/Grcka/Krf/3 Sunset/06.jpg'),
(85, 15, 'images/Grcka/Krf/4 Alexandros/01.jpg'),
(86, 15, 'images/Grcka/Krf/4 Alexandros/02.jpg'),
(87, 15, 'images/Grcka/Krf/4 Alexandros/03.jpg'),
(88, 15, 'images/Grcka/Krf/4 Alexandros/04.jpg'),
(89, 15, 'images/Grcka/Krf/4 Alexandros/05.jpg'),
(90, 15, 'images/Grcka/Krf/4 Alexandros/06.jpg'),
(91, 16, 'images/Grcka/Krf/4 Blue Princess Beach Resort/01.jpg'),
(92, 16, 'images/Grcka/Krf/4 Blue Princess Beach Resort/02.jpg'),
(93, 16, 'images/Grcka/Krf/4 Blue Princess Beach Resort/03.jpg'),
(94, 16, 'images/Grcka/Krf/4 Blue Princess Beach Resort/04.jpg'),
(95, 16, 'images/Grcka/Krf/4 Blue Princess Beach Resort/05.jpg'),
(96, 16, 'images/Grcka/Krf/4 Blue Princess Beach Resort/06.jpg'),
(97, 17, 'images/Grcka/Krf/4 Memento Kassiopi Resort/01.jpg'),
(98, 17, 'images/Grcka/Krf/4 Memento Kassiopi Resort/02.jpg'),
(99, 17, 'images/Grcka/Krf/4 Memento Kassiopi Resort/03.jpg'),
(100, 17, 'images/Grcka/Krf/4 Memento Kassiopi Resort/04.jpg'),
(101, 17, 'images/Grcka/Krf/4 Memento Kassiopi Resort/05.jpg'),
(102, 17, 'images/Grcka/Krf/4 Memento Kassiopi Resort/06.jpg'),
(103, 18, 'images/Grcka/Krf/5 Corfu Holiday Palace/01.jpg'),
(104, 18, 'images/Grcka/Krf/5 Corfu Holiday Palace/02.jpg'),
(105, 18, 'images/Grcka/Krf/5 Corfu Holiday Palace/03.jpg'),
(106, 18, 'images/Grcka/Krf/5 Corfu Holiday Palace/04.jpg'),
(107, 18, 'images/Grcka/Krf/5 Corfu Holiday Palace/05.jpg'),
(108, 18, 'images/Grcka/Krf/5 Corfu Holiday Palace/06.jpg'),
(109, 19, 'images/Grcka/Krf/5 Kontokali Bay/01.jpg'),
(110, 19, 'images/Grcka/Krf/5 Kontokali Bay/02.jpg'),
(111, 19, 'images/Grcka/Krf/5 Kontokali Bay/03.jpg'),
(112, 19, 'images/Grcka/Krf/5 Kontokali Bay/04.jpg'),
(113, 19, 'images/Grcka/Krf/5 Kontokali Bay/05.jpg'),
(114, 19, 'images/Grcka/Krf/5 Kontokali Bay/06.jpg'),
(115, 20, 'images/Grcka/Krf/5 Mayor Pelekas Monastery/01.jpg'),
(116, 20, 'images/Grcka/Krf/5 Mayor Pelekas Monastery/02.jpg'),
(117, 20, 'images/Grcka/Krf/5 Mayor Pelekas Monastery/03.jpg'),
(118, 20, 'images/Grcka/Krf/5 Mayor Pelekas Monastery/04.jpg'),
(119, 20, 'images/Grcka/Krf/5 Mayor Pelekas Monastery/05.jpg'),
(120, 20, 'images/Grcka/Krf/5 Mayor Pelekas Monastery/06.jpg'),
(121, 21, 'images/Grcka/Lefkada/2 Vergina Star/01.jpg'),
(122, 21, 'images/Grcka/Lefkada/2 Vergina Star/02.jpg'),
(123, 21, 'images/Grcka/Lefkada/2 Vergina Star/03.jpg'),
(124, 21, 'images/Grcka/Lefkada/2 Vergina Star/04.jpg'),
(125, 21, 'images/Grcka/Lefkada/2 Vergina Star/05.jpg'),
(126, 21, 'images/Grcka/Lefkada/2 Vergina Star/06.jpg'),
(127, 22, 'images/Grcka/Lefkada/3 Agios Nikitas/01.jpg'),
(128, 22, 'images/Grcka/Lefkada/3 Agios Nikitas/02.jpg'),
(129, 22, 'images/Grcka/Lefkada/3 Agios Nikitas/03.jpg'),
(130, 22, 'images/Grcka/Lefkada/3 Agios Nikitas/04.jpg'),
(131, 22, 'images/Grcka/Lefkada/3 Agios Nikitas/05.jpg'),
(132, 22, 'images/Grcka/Lefkada/3 Agios Nikitas/06.jpg'),
(133, 23, 'images/Grcka/Lefkada/3 Christina/01.jpg'),
(134, 23, 'images/Grcka/Lefkada/3 Christina/02.jpg'),
(135, 23, 'images/Grcka/Lefkada/3 Christina/03.jpg'),
(136, 23, 'images/Grcka/Lefkada/3 Christina/04.jpg'),
(137, 23, 'images/Grcka/Lefkada/3 Christina/05.jpg'),
(138, 23, 'images/Grcka/Lefkada/3 Christina/06.jpg'),
(139, 24, 'images/Grcka/Lefkada/3 Kalias/01.jpg'),
(140, 24, 'images/Grcka/Lefkada/3 Kalias/02.jpg'),
(141, 24, 'images/Grcka/Lefkada/3 Kalias/03.jpg'),
(142, 24, 'images/Grcka/Lefkada/3 Kalias/04.jpg'),
(143, 24, 'images/Grcka/Lefkada/3 Kalias/05.jpg'),
(144, 24, 'images/Grcka/Lefkada/3 Kalias/06.jpg'),
(145, 25, 'images/Grcka/Lefkada/3 Kastro Maistro/01.jpg'),
(146, 25, 'images/Grcka/Lefkada/3 Kastro Maistro/02.jpg'),
(147, 25, 'images/Grcka/Lefkada/3 Kastro Maistro/03.jpg'),
(148, 25, 'images/Grcka/Lefkada/3 Kastro Maistro/04.jpg'),
(149, 25, 'images/Grcka/Lefkada/3 Kastro Maistro/05.jpg'),
(150, 25, 'images/Grcka/Lefkada/3 Kastro Maistro/06.jpg'),
(151, 26, 'images/Grcka/Lefkada/4 Aliki/01.jpg'),
(152, 26, 'images/Grcka/Lefkada/4 Aliki/02.jpg'),
(153, 26, 'images/Grcka/Lefkada/4 Aliki/03.jpg'),
(154, 26, 'images/Grcka/Lefkada/4 Aliki/04.jpg'),
(155, 26, 'images/Grcka/Lefkada/4 Aliki/05.jpg'),
(156, 26, 'images/Grcka/Lefkada/4 Aliki/06.jpg'),
(157, 27, 'images/Grcka/Lefkada/4 Georgio Palace/01.jpg'),
(158, 27, 'images/Grcka/Lefkada/4 Georgio Palace/02.jpg'),
(159, 27, 'images/Grcka/Lefkada/4 Georgio Palace/03.jpg'),
(160, 27, 'images/Grcka/Lefkada/4 Georgio Palace/04.jpg'),
(161, 27, 'images/Grcka/Lefkada/4 Georgio Palace/05.jpg'),
(162, 27, 'images/Grcka/Lefkada/4 Georgio Palace/06.jpg'),
(163, 28, 'images/Grcka/Lefkada/4 Porto Galini/01.jpg'),
(164, 28, 'images/Grcka/Lefkada/4 Porto Galini/02.jpg'),
(165, 28, 'images/Grcka/Lefkada/4 Porto Galini/03.jpg'),
(166, 28, 'images/Grcka/Lefkada/4 Porto Galini/04.jpg'),
(167, 28, 'images/Grcka/Lefkada/4 Porto Galini/05.jpg'),
(168, 28, 'images/Grcka/Lefkada/4 Porto Galini/06.jpg'),
(169, 29, 'images/Grcka/Lefkada/4 San Nicolas Resort/01.jpg'),
(170, 29, 'images/Grcka/Lefkada/4 San Nicolas Resort/02.jpg'),
(171, 29, 'images/Grcka/Lefkada/4 San Nicolas Resort/03.jpg'),
(172, 29, 'images/Grcka/Lefkada/4 San Nicolas Resort/04.jpg'),
(173, 29, 'images/Grcka/Lefkada/4 San Nicolas Resort/05.jpg'),
(174, 29, 'images/Grcka/Lefkada/4 San Nicolas Resort/06.jpg'),
(175, 30, 'images/Grcka/Lefkada/5 Ionian Blue/01.jpg'),
(176, 30, 'images/Grcka/Lefkada/5 Ionian Blue/02.jpg'),
(177, 30, 'images/Grcka/Lefkada/5 Ionian Blue/03.jpg'),
(178, 30, 'images/Grcka/Lefkada/5 Ionian Blue/04.jpg'),
(179, 30, 'images/Grcka/Lefkada/5 Ionian Blue/05.jpg'),
(180, 30, 'images/Grcka/Lefkada/5 Ionian Blue/06.jpg'),
(181, 31, 'images/Grcka/Mikonos/2 Thomas/01.jpg'),
(182, 31, 'images/Grcka/Mikonos/2 Thomas/02.jpg'),
(183, 31, 'images/Grcka/Mikonos/2 Thomas/03.jpg'),
(184, 31, 'images/Grcka/Mikonos/2 Thomas/04.jpg'),
(185, 31, 'images/Grcka/Mikonos/2 Thomas/05.jpg'),
(186, 31, 'images/Grcka/Mikonos/2 Thomas/06.jpg'),
(187, 32, 'images/Grcka/Mikonos/3 Adonis/01.jpg'),
(188, 32, 'images/Grcka/Mikonos/3 Adonis/02.jpg'),
(189, 32, 'images/Grcka/Mikonos/3 Adonis/03.jpg'),
(190, 32, 'images/Grcka/Mikonos/3 Adonis/04.jpg'),
(191, 32, 'images/Grcka/Mikonos/3 Adonis/05.jpg'),
(192, 32, 'images/Grcka/Mikonos/3 Adonis/06.jpg'),
(193, 33, 'images/Grcka/Mikonos/3 Aeolos/01.jpg'),
(194, 33, 'images/Grcka/Mikonos/3 Aeolos/02.jpg'),
(195, 33, 'images/Grcka/Mikonos/3 Aeolos/03.jpg'),
(196, 33, 'images/Grcka/Mikonos/3 Aeolos/04.jpg'),
(197, 33, 'images/Grcka/Mikonos/3 Aeolos/05.jpg'),
(198, 33, 'images/Grcka/Mikonos/3 Aeolos/06.jpg'),
(199, 34, 'images/Grcka/Mikonos/3 Ilio Maris/01.jpg'),
(200, 34, 'images/Grcka/Mikonos/3 Ilio Maris/02.jpg'),
(201, 34, 'images/Grcka/Mikonos/3 Ilio Maris/03.jpg'),
(202, 34, 'images/Grcka/Mikonos/3 Ilio Maris/04.jpg'),
(203, 34, 'images/Grcka/Mikonos/3 Ilio Maris/05.jpg'),
(204, 34, 'images/Grcka/Mikonos/3 Ilio Maris/06.jpg'),
(205, 35, 'images/Grcka/Mikonos/4 Archipelagos/01.jpg'),
(206, 35, 'images/Grcka/Mikonos/4 Archipelagos/02.jpg'),
(207, 35, 'images/Grcka/Mikonos/4 Archipelagos/03.jpg'),
(208, 35, 'images/Grcka/Mikonos/4 Archipelagos/04.jpg'),
(209, 35, 'images/Grcka/Mikonos/4 Archipelagos/05.jpg'),
(210, 35, 'images/Grcka/Mikonos/4 Archipelagos/06.jpg'),
(211, 37, 'images/Grcka/Mikonos/4 Mykonos View/01.jpg'),
(212, 37, 'images/Grcka/Mikonos/4 Mykonos View/02.jpg'),
(213, 37, 'images/Grcka/Mikonos/4 Mykonos View/03.jpg'),
(214, 37, 'images/Grcka/Mikonos/4 Mykonos View/04.jpg'),
(215, 37, 'images/Grcka/Mikonos/4 Mykonos View/05.jpg'),
(216, 37, 'images/Grcka/Mikonos/4 Mykonos View/06.jpg'),
(217, 38, 'images/Grcka/Mikonos/5 Myconian Ambassador/01.jpg'),
(218, 38, 'images/Grcka/Mikonos/5 Myconian Ambassador/02.jpg'),
(219, 38, 'images/Grcka/Mikonos/5 Myconian Ambassador/03.jpg'),
(220, 38, 'images/Grcka/Mikonos/5 Myconian Ambassador/04.jpg'),
(221, 38, 'images/Grcka/Mikonos/5 Myconian Ambassador/05.jpg'),
(222, 38, 'images/Grcka/Mikonos/5 Myconian Ambassador/06.jpg'),
(223, 39, 'images/Grcka/Mikonos/5 Myconian Imperial/01.jpg'),
(224, 39, 'images/Grcka/Mikonos/5 Myconian Imperial/02.jpg'),
(225, 39, 'images/Grcka/Mikonos/5 Myconian Imperial/03.jpg'),
(226, 39, 'images/Grcka/Mikonos/5 Myconian Imperial/04.jpg'),
(227, 39, 'images/Grcka/Mikonos/5 Myconian Imperial/05.jpg'),
(228, 39, 'images/Grcka/Mikonos/5 Myconian Imperial/06.jpg'),
(229, 40, 'images/Grcka/Mikonos/5 San Marco/01.jpg'),
(230, 40, 'images/Grcka/Mikonos/5 San Marco/02.jpg'),
(231, 40, 'images/Grcka/Mikonos/5 San Marco/03.jpg'),
(232, 40, 'images/Grcka/Mikonos/5 San Marco/04.jpg'),
(233, 40, 'images/Grcka/Mikonos/5 San Marco/05.jpg'),
(234, 40, 'images/Grcka/Mikonos/5 San Marco/06.jpg'),
(235, 36, 'images/Grcka/Mikonos/4 Leto/01.jpg'),
(236, 36, 'images/Grcka/Mikonos/4 Leto/02.jpg'),
(237, 36, 'images/Grcka/Mikonos/4 Leto/03.jpg'),
(238, 36, 'images/Grcka/Mikonos/4 Leto/04.jpg'),
(239, 36, 'images/Grcka/Mikonos/4 Leto/05.jpg'),
(240, 36, 'images/Grcka/Mikonos/4 Leto/06.jpg'),
(241, 41, 'images/Grcka/Tasos/2 Dimitris/01.jpg'),
(242, 41, 'images/Grcka/Tasos/2 Dimitris/02.jpg'),
(243, 41, 'images/Grcka/Tasos/2 Dimitris/03.jpg'),
(244, 41, 'images/Grcka/Tasos/2 Dimitris/04.jpg'),
(245, 41, 'images/Grcka/Tasos/2 Dimitris/05.jpg'),
(246, 41, 'images/Grcka/Tasos/2 Dimitris/06.jpg'),
(247, 42, 'images/Grcka/Tasos/3 Aethria/01.jpg'),
(248, 42, 'images/Grcka/Tasos/3 Aethria/02.jpg'),
(249, 42, 'images/Grcka/Tasos/3 Aethria/03.jpg'),
(250, 42, 'images/Grcka/Tasos/3 Aethria/04.jpg'),
(251, 42, 'images/Grcka/Tasos/3 Aethria/05.jpg'),
(252, 42, 'images/Grcka/Tasos/3 Aethria/06.jpg'),
(253, 43, 'images/Grcka/Tasos/3 Potos/01.jpg'),
(254, 43, 'images/Grcka/Tasos/3 Potos/02.jpg'),
(255, 43, 'images/Grcka/Tasos/3 Potos/03.jpg'),
(256, 43, 'images/Grcka/Tasos/3 Potos/04.jpg'),
(257, 43, 'images/Grcka/Tasos/3 Potos/05.jpg'),
(258, 43, 'images/Grcka/Tasos/3 Potos/06.jpg'),
(259, 44, 'images/Grcka/Tasos/3 Trypiti/01.jpg'),
(260, 44, 'images/Grcka/Tasos/3 Trypiti/02.jpg'),
(261, 44, 'images/Grcka/Tasos/3 Trypiti/03.jpg'),
(262, 44, 'images/Grcka/Tasos/3 Trypiti/04.jpg'),
(263, 44, 'images/Grcka/Tasos/3 Trypiti/05.jpg'),
(264, 44, 'images/Grcka/Tasos/3 Trypiti/06.jpg'),
(265, 45, 'images/Grcka/Tasos/4 Atrium/01.jpg'),
(266, 45, 'images/Grcka/Tasos/4 Atrium/02.jpg'),
(267, 45, 'images/Grcka/Tasos/4 Atrium/03.jpg'),
(268, 45, 'images/Grcka/Tasos/4 Atrium/04.jpg'),
(269, 45, 'images/Grcka/Tasos/4 Atrium/05.jpg'),
(270, 45, 'images/Grcka/Tasos/4 Atrium/06.jpg'),
(271, 46, 'images/Grcka/Tasos/4 Ocean Beach/01.jpg'),
(272, 46, 'images/Grcka/Tasos/4 Ocean Beach/02.jpg'),
(273, 46, 'images/Grcka/Tasos/4 Ocean Beach/03.jpg'),
(274, 46, 'images/Grcka/Tasos/4 Ocean Beach/04.jpg'),
(275, 46, 'images/Grcka/Tasos/4 Ocean Beach/05.jpg'),
(276, 46, 'images/Grcka/Tasos/4 Ocean Beach/06.jpg'),
(277, 47, 'images/Grcka/Tasos/4 Princess Golden Beach/01.jpg'),
(278, 47, 'images/Grcka/Tasos/4 Princess Golden Beach/02.jpg'),
(279, 47, 'images/Grcka/Tasos/4 Princess Golden Beach/03.jpg'),
(280, 47, 'images/Grcka/Tasos/4 Princess Golden Beach/04.jpg'),
(281, 47, 'images/Grcka/Tasos/4 Princess Golden Beach/05.jpg'),
(282, 47, 'images/Grcka/Tasos/4 Princess Golden Beach/06.jpg'),
(283, 48, 'images/Grcka/Tasos/5 Alexandra Golden Boutique/01.jpg'),
(284, 48, 'images/Grcka/Tasos/5 Alexandra Golden Boutique/02.jpg'),
(285, 48, 'images/Grcka/Tasos/5 Alexandra Golden Boutique/03.jpg'),
(286, 48, 'images/Grcka/Tasos/5 Alexandra Golden Boutique/04.jpg'),
(287, 48, 'images/Grcka/Tasos/5 Alexandra Golden Boutique/05.jpg'),
(288, 48, 'images/Grcka/Tasos/5 Alexandra Golden Boutique/06.jpg'),
(289, 49, 'images/Grcka/Tasos/5 Lucy/01.jpg'),
(290, 49, 'images/Grcka/Tasos/5 Lucy/02.jpg'),
(291, 49, 'images/Grcka/Tasos/5 Lucy/03.jpg'),
(292, 49, 'images/Grcka/Tasos/5 Lucy/04.jpg'),
(293, 49, 'images/Grcka/Tasos/5 Lucy/05.jpg'),
(294, 49, 'images/Grcka/Tasos/5 Lucy/06.jpg'),
(295, 50, 'images/Grcka/Tasos/5 Royal Paradise/01.jpg'),
(296, 50, 'images/Grcka/Tasos/5 Royal Paradise/02.jpg'),
(297, 50, 'images/Grcka/Tasos/5 Royal Paradise/03.jpg'),
(298, 50, 'images/Grcka/Tasos/5 Royal Paradise/04.jpg'),
(299, 50, 'images/Grcka/Tasos/5 Royal Paradise/05.jpg'),
(300, 50, 'images/Grcka/Tasos/5 Royal Paradise/06.jpg'),
(301, 51, 'images/Italija/Milano/3 Accursio/01.jpg'),
(302, 51, 'images/Italija/Milano/3 Accursio/02.jpg'),
(303, 51, 'images/Italija/Milano/3 Accursio/03.jpg'),
(304, 51, 'images/Italija/Milano/3 Accursio/04.jpg'),
(305, 51, 'images/Italija/Milano/3 Accursio/05.jpg'),
(306, 51, 'images/Italija/Milano/3 Accursio/06.jpg'),
(307, 52, 'images/Italija/Milano/3 Porta Romana/01.jpg'),
(308, 52, 'images/Italija/Milano/3 Porta Romana/02.jpg'),
(309, 52, 'images/Italija/Milano/3 Porta Romana/03.jpg'),
(310, 52, 'images/Italija/Milano/3 Porta Romana/04.jpg'),
(311, 52, 'images/Italija/Milano/3 Porta Romana/05.jpg'),
(312, 52, 'images/Italija/Milano/3 Porta Romana/06.jpg'),
(313, 53, 'images/Italija/Milano/3 Zara/01.jpg'),
(314, 53, 'images/Italija/Milano/3 Zara/02.jpg'),
(315, 53, 'images/Italija/Milano/3 Zara/03.jpg'),
(316, 53, 'images/Italija/Milano/3 Zara/04.jpg'),
(317, 53, 'images/Italija/Milano/3 Zara/05.jpg'),
(318, 53, 'images/Italija/Milano/3 Zara/06.jpg'),
(319, 54, 'images/Italija/Milano/4 Colombia/01.jpg'),
(320, 54, 'images/Italija/Milano/4 Colombia/02.jpg'),
(321, 54, 'images/Italija/Milano/4 Colombia/03.jpg'),
(322, 54, 'images/Italija/Milano/4 Colombia/04.jpg'),
(323, 54, 'images/Italija/Milano/4 Colombia/05.jpg'),
(324, 54, 'images/Italija/Milano/4 Colombia/06.jpg'),
(325, 55, 'images/Italija/Milano/4 Cristoforo Colombo/01.jpg'),
(326, 55, 'images/Italija/Milano/4 Cristoforo Colombo/02.jpg'),
(327, 55, 'images/Italija/Milano/4 Cristoforo Colombo/03.jpg'),
(328, 55, 'images/Italija/Milano/4 Cristoforo Colombo/04.jpg'),
(329, 55, 'images/Italija/Milano/4 Cristoforo Colombo/05.jpg'),
(330, 55, 'images/Italija/Milano/4 Cristoforo Colombo/06.jpg'),
(331, 56, 'images/Italija/Milano/4 Galilio/01.jpg'),
(332, 56, 'images/Italija/Milano/4 Galilio/02.jpg'),
(333, 56, 'images/Italija/Milano/4 Galilio/03.jpg'),
(334, 56, 'images/Italija/Milano/4 Galilio/04.jpg'),
(335, 56, 'images/Italija/Milano/4 Galilio/05.jpg'),
(336, 56, 'images/Italija/Milano/4 Galilio/06.jpg'),
(337, 57, 'images/Italija/Milano/4 Westin Palace/01.jpg'),
(338, 57, 'images/Italija/Milano/4 Westin Palace/02.jpg'),
(339, 57, 'images/Italija/Milano/4 Westin Palace/03.jpg'),
(340, 57, 'images/Italija/Milano/4 Westin Palace/04.jpg'),
(341, 57, 'images/Italija/Milano/4 Westin Palace/05.jpg'),
(342, 57, 'images/Italija/Milano/4 Westin Palace/06.jpg'),
(343, 58, 'images/Italija/Milano/5 Boscolo/01.jpg'),
(344, 58, 'images/Italija/Milano/5 Boscolo/02.jpg'),
(345, 58, 'images/Italija/Milano/5 Boscolo/03.jpg'),
(346, 58, 'images/Italija/Milano/5 Boscolo/04.jpg'),
(347, 58, 'images/Italija/Milano/5 Boscolo/05.jpg'),
(348, 58, 'images/Italija/Milano/5 Boscolo/06.jpg'),
(349, 59, 'images/Italija/Milano/5 Bvlgari/01.jpg'),
(350, 59, 'images/Italija/Milano/5 Bvlgari/02.jpg'),
(351, 59, 'images/Italija/Milano/5 Bvlgari/03.jpg'),
(352, 59, 'images/Italija/Milano/5 Bvlgari/04.jpg'),
(353, 59, 'images/Italija/Milano/5 Bvlgari/05.jpg'),
(354, 59, 'images/Italija/Milano/5 Bvlgari/06.jpg'),
(355, 60, 'images/Italija/Milano/5 Park Hyatt/01.jpg'),
(356, 60, 'images/Italija/Milano/5 Park Hyatt/02.jpg'),
(357, 60, 'images/Italija/Milano/5 Park Hyatt/03.jpg'),
(358, 60, 'images/Italija/Milano/5 Park Hyatt/04.jpg'),
(359, 60, 'images/Italija/Milano/5 Park Hyatt/05.jpg'),
(360, 60, 'images/Italija/Milano/5 Park Hyatt/06.jpg'),
(361, 61, 'images/Italija/Rim/3 Adagio/01.jpg'),
(362, 61, 'images/Italija/Rim/3 Adagio/02.jpg'),
(363, 61, 'images/Italija/Rim/3 Adagio/03.jpg'),
(364, 61, 'images/Italija/Rim/3 Adagio/04.jpg'),
(365, 61, 'images/Italija/Rim/3 Adagio/05.jpg'),
(366, 61, 'images/Italija/Rim/3 Adagio/06.jpg'),
(367, 62, 'images/Italija/Rim/3 Indigo/01.jpg'),
(368, 62, 'images/Italija/Rim/3 Indigo/02.jpg'),
(369, 62, 'images/Italija/Rim/3 Indigo/03.jpg'),
(370, 62, 'images/Italija/Rim/3 Indigo/04.jpg'),
(371, 62, 'images/Italija/Rim/3 Indigo/05.jpg'),
(372, 62, 'images/Italija/Rim/3 Indigo/06.jpg'),
(373, 63, 'images/Italija/Rim/4 Aldrovandi/01.jpg'),
(374, 63, 'images/Italija/Rim/4 Aldrovandi/02.jpg'),
(375, 63, 'images/Italija/Rim/4 Aldrovandi/03.jpg'),
(376, 63, 'images/Italija/Rim/4 Aldrovandi/04.jpg'),
(377, 63, 'images/Italija/Rim/4 Aldrovandi/05.jpg'),
(378, 63, 'images/Italija/Rim/4 Aldrovandi/06.jpg'),
(379, 64, 'images/Italija/Rim/4 Fendi/01.jpg'),
(380, 64, 'images/Italija/Rim/4 Fendi/02.jpg'),
(381, 64, 'images/Italija/Rim/4 Fendi/03.jpg'),
(382, 64, 'images/Italija/Rim/4 Fendi/04.jpg'),
(383, 64, 'images/Italija/Rim/4 Fendi/05.jpg'),
(384, 64, 'images/Italija/Rim/4 Fendi/06.jpg'),
(385, 65, 'images/Italija/Rim/5 Boscolo/01.jpg'),
(386, 65, 'images/Italija/Rim/5 Boscolo/02.jpg'),
(387, 65, 'images/Italija/Rim/5 Boscolo/03.jpg'),
(388, 65, 'images/Italija/Rim/5 Boscolo/04.jpg'),
(389, 65, 'images/Italija/Rim/5 Boscolo/05.jpg'),
(390, 65, 'images/Italija/Rim/5 Boscolo/06.jpg'),
(391, 66, 'images/Italija/Rim/5 De La Minerve/01.jpg'),
(392, 66, 'images/Italija/Rim/5 De La Minerve/02.jpg'),
(393, 66, 'images/Italija/Rim/5 De La Minerve/03.jpg'),
(394, 66, 'images/Italija/Rim/5 De La Minerve/04.jpg'),
(395, 66, 'images/Italija/Rim/5 De La Minerve/05.jpg'),
(396, 66, 'images/Italija/Rim/5 De La Minerve/06.jpg'),
(397, 67, 'images/Italija/Rim/5 Palazzo Cinquecento/01.jpg'),
(398, 67, 'images/Italija/Rim/5 Palazzo Cinquecento/02.jpg'),
(399, 67, 'images/Italija/Rim/5 Palazzo Cinquecento/03.jpg'),
(400, 67, 'images/Italija/Rim/5 Palazzo Cinquecento/04.jpg'),
(401, 67, 'images/Italija/Rim/5 Palazzo Cinquecento/05.jpg'),
(402, 67, 'images/Italija/Rim/5 Palazzo Cinquecento/06.jpg'),
(403, 68, 'images/Italija/Rim/5 Rome Cavalieri/01.jpg'),
(404, 68, 'images/Italija/Rim/5 Rome Cavalieri/02.jpg'),
(405, 68, 'images/Italija/Rim/5 Rome Cavalieri/03.jpg'),
(406, 68, 'images/Italija/Rim/5 Rome Cavalieri/04.jpg'),
(407, 68, 'images/Italija/Rim/5 Rome Cavalieri/05.jpg'),
(408, 68, 'images/Italija/Rim/5 Rome Cavalieri/06.jpg'),
(409, 69, 'images/Italija/Rim/5 Splendide Royal/01.jpg'),
(410, 69, 'images/Italija/Rim/5 Splendide Royal/02.jpg'),
(411, 69, 'images/Italija/Rim/5 Splendide Royal/03.jpg'),
(412, 69, 'images/Italija/Rim/5 Splendide Royal/04.jpg'),
(413, 69, 'images/Italija/Rim/5 Splendide Royal/05.jpg'),
(414, 69, 'images/Italija/Rim/5 Splendide Royal/06.jpg'),
(415, 70, 'images/Italija/Sicilija/3 Albatros/01.jpg'),
(416, 70, 'images/Italija/Sicilija/3 Albatros/02.jpg'),
(417, 70, 'images/Italija/Sicilija/3 Albatros/03.jpg'),
(418, 70, 'images/Italija/Sicilija/3 Albatros/04.jpg'),
(419, 70, 'images/Italija/Sicilija/3 Albatros/05.jpg'),
(420, 70, 'images/Italija/Sicilija/3 Albatros/06.jpg'),
(421, 71, 'images/Italija/Sicilija/3 Pamar/01.jpg'),
(422, 71, 'images/Italija/Sicilija/3 Pamar/02.jpg'),
(423, 71, 'images/Italija/Sicilija/3 Pamar/03.jpg'),
(424, 71, 'images/Italija/Sicilija/3 Pamar/04.jpg'),
(425, 71, 'images/Italija/Sicilija/3 Pamar/05.jpg'),
(426, 71, 'images/Italija/Sicilija/3 Pamar/06.jpg'),
(427, 72, 'images/Italija/Sicilija/3 San Pietro/01.jpg'),
(428, 72, 'images/Italija/Sicilija/3 San Pietro/02.jpg'),
(429, 72, 'images/Italija/Sicilija/3 San Pietro/03.jpg'),
(430, 72, 'images/Italija/Sicilija/3 San Pietro/04.jpg'),
(431, 72, 'images/Italija/Sicilija/3 San Pietro/05.jpg'),
(432, 72, 'images/Italija/Sicilija/3 San Pietro/06.jpg'),
(433, 73, 'images/Italija/Sicilija/4 Alberi del Paradiso/01.jpg'),
(434, 73, 'images/Italija/Sicilija/4 Alberi del Paradiso/02.jpg'),
(435, 73, 'images/Italija/Sicilija/4 Alberi del Paradiso/03.jpg'),
(436, 73, 'images/Italija/Sicilija/4 Alberi del Paradiso/04.jpg'),
(437, 73, 'images/Italija/Sicilija/4 Alberi del Paradiso/05.jpg'),
(438, 73, 'images/Italija/Sicilija/4 Alberi del Paradiso/06.jpg'),
(439, 74, 'images/Italija/Sicilija/4 Blue Bay Cefalu/01.jpg'),
(440, 74, 'images/Italija/Sicilija/4 Blue Bay Cefalu/02.jpg'),
(441, 74, 'images/Italija/Sicilija/4 Blue Bay Cefalu/03.jpg'),
(442, 74, 'images/Italija/Sicilija/4 Blue Bay Cefalu/04.jpg'),
(443, 74, 'images/Italija/Sicilija/4 Blue Bay Cefalu/05.jpg'),
(444, 74, 'images/Italija/Sicilija/4 Blue Bay Cefalu/06.jpg'),
(445, 75, 'images/Italija/Sicilija/4 Dolcestate/01.jpg'),
(446, 75, 'images/Italija/Sicilija/4 Dolcestate/02.jpg'),
(447, 75, 'images/Italija/Sicilija/4 Dolcestate/03.jpg'),
(448, 75, 'images/Italija/Sicilija/4 Dolcestate/04.jpg'),
(449, 75, 'images/Italija/Sicilija/4 Dolcestate/05.jpg'),
(450, 75, 'images/Italija/Sicilija/4 Dolcestate/06.jpg'),
(451, 76, 'images/Italija/Sicilija/4 Hellenia Yachting/01.jpg'),
(452, 76, 'images/Italija/Sicilija/4 Hellenia Yachting/02.jpg'),
(453, 76, 'images/Italija/Sicilija/4 Hellenia Yachting/03.jpg'),
(454, 76, 'images/Italija/Sicilija/4 Hellenia Yachting/04.jpg'),
(455, 76, 'images/Italija/Sicilija/4 Hellenia Yachting/05.jpg'),
(456, 76, 'images/Italija/Sicilija/4 Hellenia Yachting/06.jpg'),
(457, 77, 'images/Italija/Sicilija/4 Mondello Palace/01.jpg'),
(458, 77, 'images/Italija/Sicilija/4 Mondello Palace/02.jpg'),
(459, 77, 'images/Italija/Sicilija/4 Mondello Palace/03.jpg'),
(460, 77, 'images/Italija/Sicilija/4 Mondello Palace/04.jpg'),
(461, 77, 'images/Italija/Sicilija/4 Mondello Palace/05.jpg'),
(462, 77, 'images/Italija/Sicilija/4 Mondello Palace/06.jpg'),
(463, 78, 'images/Italija/Sicilija/4 Splendid La Torre/01.jpg'),
(464, 78, 'images/Italija/Sicilija/4 Splendid La Torre/02.jpg'),
(465, 78, 'images/Italija/Sicilija/4 Splendid La Torre/03.jpg'),
(466, 78, 'images/Italija/Sicilija/4 Splendid La Torre/04.jpg'),
(467, 78, 'images/Italija/Sicilija/4 Splendid La Torre/05.jpg'),
(468, 78, 'images/Italija/Sicilija/4 Splendid La Torre/06.jpg'),
(469, 79, 'images/Italija/Sicilija/5 Le Calette Garden/01.jpg'),
(470, 79, 'images/Italija/Sicilija/5 Le Calette Garden/02.jpg'),
(471, 79, 'images/Italija/Sicilija/5 Le Calette Garden/03.jpg'),
(472, 79, 'images/Italija/Sicilija/5 Le Calette Garden/04.jpg'),
(473, 79, 'images/Italija/Sicilija/5 Le Calette Garden/05.jpg'),
(474, 79, 'images/Italija/Sicilija/5 Le Calette Garden/06.jpg'),
(805, 80, 'images/Italija/Venecija/3 Abbazia/01.jpg'),
(806, 80, 'images/Italija/Venecija/3 Abbazia/02.jpg'),
(807, 80, 'images/Italija/Venecija/3 Abbazia/03.jpg'),
(808, 80, 'images/Italija/Venecija/3 Abbazia/04.jpg'),
(809, 80, 'images/Italija/Venecija/3 Abbazia/05.jpg'),
(810, 80, 'images/Italija/Venecija/3 Abbazia/06.jpg'),
(811, 81, 'images/Italija/Venecija/4 Continental/01.jpg'),
(812, 81, 'images/Italija/Venecija/4 Continental/02.jpg'),
(813, 81, 'images/Italija/Venecija/4 Continental/03.jpg'),
(814, 81, 'images/Italija/Venecija/4 Continental/04.jpg'),
(815, 81, 'images/Italija/Venecija/4 Continental/05.jpg'),
(816, 81, 'images/Italija/Venecija/4 Continental/06.jpg'),
(817, 82, 'images/Italija/Venecija/4 Corte Di Gabriela/01.jpg'),
(818, 82, 'images/Italija/Venecija/4 Corte Di Gabriela/02.jpg'),
(819, 82, 'images/Italija/Venecija/4 Corte Di Gabriela/03.jpg'),
(820, 82, 'images/Italija/Venecija/4 Corte Di Gabriela/04.jpg'),
(821, 82, 'images/Italija/Venecija/4 Corte Di Gabriela/05.jpg'),
(822, 82, 'images/Italija/Venecija/4 Corte Di Gabriela/06.jpg'),
(823, 83, 'images/Italija/Venecija/4 L Orologio/01.jpg'),
(824, 83, 'images/Italija/Venecija/4 L Orologio/02.jpg'),
(825, 83, 'images/Italija/Venecija/4 L Orologio/03.jpg'),
(826, 83, 'images/Italija/Venecija/4 L Orologio/04.jpg'),
(827, 83, 'images/Italija/Venecija/4 L Orologio/05.jpg'),
(828, 83, 'images/Italija/Venecija/4 L Orologio/06.jpg'),
(829, 84, 'images/Italija/Venecija/5 Hilton Molino/01.jpg'),
(830, 84, 'images/Italija/Venecija/5 Hilton Molino/02.jpg'),
(831, 84, 'images/Italija/Venecija/5 Hilton Molino/03.jpg'),
(832, 84, 'images/Italija/Venecija/5 Hilton Molino/04.jpg'),
(833, 84, 'images/Italija/Venecija/5 Hilton Molino/05.jpg'),
(834, 84, 'images/Italija/Venecija/5 Hilton Molino/06.jpg'),
(835, 85, 'images/Italija/Venecija/5 Rialto/01.jpg'),
(836, 85, 'images/Italija/Venecija/5 Rialto/02.jpg'),
(837, 85, 'images/Italija/Venecija/5 Rialto/03.jpg'),
(838, 85, 'images/Italija/Venecija/5 Rialto/04.jpg'),
(839, 85, 'images/Italija/Venecija/5 Rialto/05.jpg'),
(840, 85, 'images/Italija/Venecija/5 Rialto/06.jpg'),
(841, 86, 'images/Turska/Alania/3 Grand Bayar/01.jpg'),
(842, 86, 'images/Turska/Alania/3 Grand Bayar/02.jpg'),
(843, 86, 'images/Turska/Alania/3 Grand Bayar/03.jpg'),
(844, 86, 'images/Turska/Alania/3 Grand Bayar/04.jpg'),
(845, 86, 'images/Turska/Alania/3 Grand Bayar/05.jpg'),
(846, 86, 'images/Turska/Alania/3 Grand Bayar/06.jpg'),
(847, 87, 'images/Turska/Alania/3 Karat/01.jpg'),
(848, 87, 'images/Turska/Alania/3 Karat/02.jpg'),
(849, 87, 'images/Turska/Alania/3 Karat/03.jpg'),
(850, 87, 'images/Turska/Alania/3 Karat/04.jpg'),
(851, 87, 'images/Turska/Alania/3 Karat/05.jpg'),
(852, 87, 'images/Turska/Alania/3 Karat/06.jpg'),
(853, 88, 'images/Turska/Alania/4 Tac Premier/01.jpg'),
(854, 88, 'images/Turska/Alania/4 Tac Premier/02.jpg'),
(855, 88, 'images/Turska/Alania/4 Tac Premier/03.jpg'),
(856, 88, 'images/Turska/Alania/4 Tac Premier/04.jpg'),
(857, 88, 'images/Turska/Alania/4 Tac Premier/05.jpg'),
(858, 88, 'images/Turska/Alania/4 Tac Premier/06.jpg'),
(859, 89, 'images/Turska/Alania/4 Xperia Grand Bali/01.jpg'),
(860, 89, 'images/Turska/Alania/4 Xperia Grand Bali/02.jpg'),
(861, 89, 'images/Turska/Alania/4 Xperia Grand Bali/03.jpg'),
(862, 89, 'images/Turska/Alania/4 Xperia Grand Bali/04.jpg'),
(863, 89, 'images/Turska/Alania/4 Xperia Grand Bali/05.jpg'),
(864, 89, 'images/Turska/Alania/4 Xperia Grand Bali/06.jpg'),
(865, 90, 'images/Turska/Alania/5 Azura Deluxe/01.jpg'),
(866, 90, 'images/Turska/Alania/5 Azura Deluxe/02.jpg'),
(867, 90, 'images/Turska/Alania/5 Azura Deluxe/03.jpg'),
(868, 90, 'images/Turska/Alania/5 Azura Deluxe/04.jpg'),
(869, 90, 'images/Turska/Alania/5 Azura Deluxe/05.jpg'),
(870, 90, 'images/Turska/Alania/5 Azura Deluxe/06.jpg'),
(871, 91, 'images/Turska/Alania/5 Delphin Botanik/01.jpg'),
(872, 91, 'images/Turska/Alania/5 Delphin Botanik/02.jpg'),
(873, 91, 'images/Turska/Alania/5 Delphin Botanik/03.jpg'),
(874, 91, 'images/Turska/Alania/5 Delphin Botanik/04.jpg'),
(875, 91, 'images/Turska/Alania/5 Delphin Botanik/05.jpg'),
(876, 91, 'images/Turska/Alania/5 Delphin Botanik/06.jpg'),
(877, 92, 'images/Turska/Alania/5 Mukarnas Resort/01.jpg'),
(878, 92, 'images/Turska/Alania/5 Mukarnas Resort/02.jpg'),
(879, 92, 'images/Turska/Alania/5 Mukarnas Resort/03.jpg'),
(880, 92, 'images/Turska/Alania/5 Mukarnas Resort/04.jpg'),
(881, 92, 'images/Turska/Alania/5 Mukarnas Resort/05.jpg'),
(882, 92, 'images/Turska/Alania/5 Mukarnas Resort/06.jpg'),
(883, 93, 'images/Turska/Alania/5 Rubi Platinum/01.jpg'),
(884, 93, 'images/Turska/Alania/5 Rubi Platinum/02.jpg'),
(885, 93, 'images/Turska/Alania/5 Rubi Platinum/03.jpg'),
(886, 93, 'images/Turska/Alania/5 Rubi Platinum/04.jpg'),
(887, 93, 'images/Turska/Alania/5 Rubi Platinum/05.jpg'),
(888, 93, 'images/Turska/Alania/5 Rubi Platinum/06.jpg'),
(889, 94, 'images/Turska/Alania/5 Utopia World/01.jpg'),
(890, 94, 'images/Turska/Alania/5 Utopia World/02.jpg'),
(891, 94, 'images/Turska/Alania/5 Utopia World/03.jpg'),
(892, 94, 'images/Turska/Alania/5 Utopia World/04.jpg'),
(893, 94, 'images/Turska/Alania/5 Utopia World/05.jpg'),
(894, 94, 'images/Turska/Alania/5 Utopia World/06.jpg'),
(895, 95, 'images/Turska/Bodrum/3 Skylife/01.jpg'),
(896, 95, 'images/Turska/Bodrum/3 Skylife/02.jpg'),
(897, 95, 'images/Turska/Bodrum/3 Skylife/03.jpg'),
(898, 95, 'images/Turska/Bodrum/3 Skylife/04.jpg'),
(899, 95, 'images/Turska/Bodrum/3 Skylife/05.jpg'),
(900, 95, 'images/Turska/Bodrum/3 Skylife/06.jpg'),
(901, 96, 'images/Turska/Bodrum/4 Parkim Ayaz/01.jpg'),
(902, 96, 'images/Turska/Bodrum/4 Parkim Ayaz/02.jpg'),
(903, 96, 'images/Turska/Bodrum/4 Parkim Ayaz/03.jpg'),
(904, 96, 'images/Turska/Bodrum/4 Parkim Ayaz/04.jpg'),
(905, 96, 'images/Turska/Bodrum/4 Parkim Ayaz/05.jpg'),
(906, 96, 'images/Turska/Bodrum/4 Parkim Ayaz/06.jpg'),
(907, 97, 'images/Turska/Bodrum/5 Bay Resort/01.jpg'),
(908, 97, 'images/Turska/Bodrum/5 Bay Resort/02.jpg'),
(909, 97, 'images/Turska/Bodrum/5 Bay Resort/03.jpg'),
(910, 97, 'images/Turska/Bodrum/5 Bay Resort/04.jpg'),
(911, 97, 'images/Turska/Bodrum/5 Bay Resort/05.jpg'),
(912, 97, 'images/Turska/Bodrum/5 Bay Resort/06.jpg'),
(913, 98, 'images/Turska/Bodrum/5 Crystal Green Bay/01.jpg'),
(914, 98, 'images/Turska/Bodrum/5 Crystal Green Bay/02.jpg'),
(915, 98, 'images/Turska/Bodrum/5 Crystal Green Bay/03.jpg'),
(916, 98, 'images/Turska/Bodrum/5 Crystal Green Bay/04.jpg'),
(917, 98, 'images/Turska/Bodrum/5 Crystal Green Bay/05.jpg'),
(918, 98, 'images/Turska/Bodrum/5 Crystal Green Bay/06.jpg'),
(919, 99, 'images/Turska/Bodrum/5 Hilton Turkbuku/01.jpg'),
(920, 99, 'images/Turska/Bodrum/5 Hilton Turkbuku/02.jpg'),
(921, 99, 'images/Turska/Bodrum/5 Hilton Turkbuku/03.jpg'),
(922, 99, 'images/Turska/Bodrum/5 Hilton Turkbuku/04.jpg'),
(923, 99, 'images/Turska/Bodrum/5 Hilton Turkbuku/05.jpg'),
(924, 99, 'images/Turska/Bodrum/5 Hilton Turkbuku/06.jpg'),
(925, 100, 'images/Turska/Bodrum/5 Isis Goddess/01.jpg'),
(926, 100, 'images/Turska/Bodrum/5 Isis Goddess/02.jpg'),
(927, 100, 'images/Turska/Bodrum/5 Isis Goddess/03.jpg'),
(928, 100, 'images/Turska/Bodrum/5 Isis Goddess/04.jpg'),
(929, 100, 'images/Turska/Bodrum/5 Isis Goddess/05.jpg'),
(930, 100, 'images/Turska/Bodrum/5 Isis Goddess/06.jpg'),
(931, 101, 'images/Turska/Bodrum/5 Yasmin Resort/01.jpg'),
(932, 101, 'images/Turska/Bodrum/5 Yasmin Resort/02.jpg'),
(933, 101, 'images/Turska/Bodrum/5 Yasmin Resort/03.jpg'),
(934, 101, 'images/Turska/Bodrum/5 Yasmin Resort/04.jpg'),
(935, 101, 'images/Turska/Bodrum/5 Yasmin Resort/05.jpg'),
(936, 101, 'images/Turska/Bodrum/5 Yasmin Resort/06.jpg'),
(937, 102, 'images/Turska/Kusadasi/4 Omer Holiday/01.jpg'),
(938, 102, 'images/Turska/Kusadasi/4 Omer Holiday/02.jpg'),
(939, 102, 'images/Turska/Kusadasi/4 Omer Holiday/03.jpg'),
(940, 102, 'images/Turska/Kusadasi/4 Omer Holiday/04.jpg'),
(941, 102, 'images/Turska/Kusadasi/4 Omer Holiday/05.jpg'),
(942, 102, 'images/Turska/Kusadasi/4 Omer Holiday/06.jpg'),
(943, 103, 'images/Turska/Kusadasi/5 Amara Sealight/01.jpg'),
(944, 103, 'images/Turska/Kusadasi/5 Amara Sealight/02.jpg'),
(945, 103, 'images/Turska/Kusadasi/5 Amara Sealight/03.jpg'),
(946, 103, 'images/Turska/Kusadasi/5 Amara Sealight/04.jpg'),
(947, 103, 'images/Turska/Kusadasi/5 Amara Sealight/05.jpg'),
(948, 103, 'images/Turska/Kusadasi/5 Amara Sealight/06.jpg'),
(949, 104, 'images/Turska/Kusadasi/5 Aqua Fantasy/01.jpg'),
(950, 104, 'images/Turska/Kusadasi/5 Aqua Fantasy/02.jpg'),
(951, 104, 'images/Turska/Kusadasi/5 Aqua Fantasy/03.jpg'),
(952, 104, 'images/Turska/Kusadasi/5 Aqua Fantasy/04.jpg'),
(953, 104, 'images/Turska/Kusadasi/5 Aqua Fantasy/05.jpg'),
(954, 104, 'images/Turska/Kusadasi/5 Aqua Fantasy/06.jpg'),
(955, 105, 'images/Turska/Kusadasi/5 Fantasia/01.jpg'),
(956, 105, 'images/Turska/Kusadasi/5 Fantasia/02.jpg'),
(957, 105, 'images/Turska/Kusadasi/5 Fantasia/03.jpg'),
(958, 105, 'images/Turska/Kusadasi/5 Fantasia/04.jpg'),
(959, 105, 'images/Turska/Kusadasi/5 Fantasia/05.jpg'),
(960, 105, 'images/Turska/Kusadasi/5 Fantasia/06.jpg'),
(961, 106, 'images/Turska/Kusadasi/5 Korumar De Luxe/01.jpg'),
(962, 106, 'images/Turska/Kusadasi/5 Korumar De Luxe/02.jpg'),
(963, 106, 'images/Turska/Kusadasi/5 Korumar De Luxe/03.jpg'),
(964, 106, 'images/Turska/Kusadasi/5 Korumar De Luxe/04.jpg'),
(965, 106, 'images/Turska/Kusadasi/5 Korumar De Luxe/05.jpg'),
(966, 106, 'images/Turska/Kusadasi/5 Korumar De Luxe/06.jpg'),
(967, 107, 'images/Turska/Kusadasi/5 Korumar Ephesus/01.jpg'),
(968, 107, 'images/Turska/Kusadasi/5 Korumar Ephesus/02.jpg'),
(969, 107, 'images/Turska/Kusadasi/5 Korumar Ephesus/03.jpg'),
(970, 107, 'images/Turska/Kusadasi/5 Korumar Ephesus/04.jpg'),
(971, 107, 'images/Turska/Kusadasi/5 Korumar Ephesus/05.jpg'),
(972, 107, 'images/Turska/Kusadasi/5 Korumar Ephesus/06.jpg'),
(973, 108, 'images/Turska/Kusadasi/5 Sunis Royal Palace/01.jpg'),
(974, 108, 'images/Turska/Kusadasi/5 Sunis Royal Palace/02.jpg'),
(975, 108, 'images/Turska/Kusadasi/5 Sunis Royal Palace/03.jpg'),
(976, 108, 'images/Turska/Kusadasi/5 Sunis Royal Palace/04.jpg'),
(977, 108, 'images/Turska/Kusadasi/5 Sunis Royal Palace/05.jpg'),
(978, 108, 'images/Turska/Kusadasi/5 Sunis Royal Palace/06.jpg'),
(979, 109, 'images/Turska/Marmaris/3 Begonville/01.jpg'),
(980, 109, 'images/Turska/Marmaris/3 Begonville/02.jpg'),
(981, 109, 'images/Turska/Marmaris/3 Begonville/03.jpg'),
(982, 109, 'images/Turska/Marmaris/3 Begonville/04.jpg'),
(983, 109, 'images/Turska/Marmaris/3 Begonville/05.jpg'),
(984, 109, 'images/Turska/Marmaris/3 Begonville/06.jpg'),
(985, 110, 'images/Turska/Marmaris/3 Marbas/01.jpg'),
(986, 110, 'images/Turska/Marmaris/3 Marbas/02.jpg'),
(987, 110, 'images/Turska/Marmaris/3 Marbas/03.jpg'),
(988, 110, 'images/Turska/Marmaris/3 Marbas/04.jpg'),
(989, 110, 'images/Turska/Marmaris/3 Marbas/05.jpg'),
(990, 110, 'images/Turska/Marmaris/3 Marbas/06.jpg'),
(991, 111, 'images/Turska/Marmaris/3 Orka Nergis/01.jpg'),
(992, 111, 'images/Turska/Marmaris/3 Orka Nergis/02.jpg'),
(993, 111, 'images/Turska/Marmaris/3 Orka Nergis/03.jpg'),
(994, 111, 'images/Turska/Marmaris/3 Orka Nergis/04.jpg'),
(995, 111, 'images/Turska/Marmaris/3 Orka Nergis/05.jpg'),
(996, 111, 'images/Turska/Marmaris/3 Orka Nergis/06.jpg'),
(997, 112, 'images/Turska/Marmaris/4 Marti La Perla/01.jpg'),
(998, 112, 'images/Turska/Marmaris/4 Marti La Perla/02.jpg'),
(999, 112, 'images/Turska/Marmaris/4 Marti La Perla/03.jpg'),
(1000, 112, 'images/Turska/Marmaris/4 Marti La Perla/04.jpg'),
(1001, 112, 'images/Turska/Marmaris/4 Marti La Perla/05.jpg'),
(1002, 112, 'images/Turska/Marmaris/4 Marti La Perla/06.jpg'),
(1003, 113, 'images/Turska/Marmaris/4 Sentido Sea Star/01.jpg'),
(1004, 113, 'images/Turska/Marmaris/4 Sentido Sea Star/02.jpg'),
(1005, 113, 'images/Turska/Marmaris/4 Sentido Sea Star/03.jpg'),
(1006, 113, 'images/Turska/Marmaris/4 Sentido Sea Star/04.jpg'),
(1007, 113, 'images/Turska/Marmaris/4 Sentido Sea Star/05.jpg'),
(1008, 113, 'images/Turska/Marmaris/4 Sentido Sea Star/06.jpg'),
(1009, 114, 'images/Turska/Marmaris/5 Grand Yazici/01.jpg'),
(1010, 114, 'images/Turska/Marmaris/5 Grand Yazici/02.jpg'),
(1011, 114, 'images/Turska/Marmaris/5 Grand Yazici/03.jpg'),
(1012, 114, 'images/Turska/Marmaris/5 Grand Yazici/04.jpg'),
(1013, 114, 'images/Turska/Marmaris/5 Grand Yazici/05.jpg'),
(1014, 114, 'images/Turska/Marmaris/5 Grand Yazici/06.jpg'),
(1015, 115, 'images/Turska/Marmaris/5 Marti Resort/01.jpg'),
(1016, 115, 'images/Turska/Marmaris/5 Marti Resort/02.jpg'),
(1017, 115, 'images/Turska/Marmaris/5 Marti Resort/03.jpg'),
(1018, 115, 'images/Turska/Marmaris/5 Marti Resort/04.jpg'),
(1019, 115, 'images/Turska/Marmaris/5 Marti Resort/05.jpg'),
(1020, 115, 'images/Turska/Marmaris/5 Marti Resort/06.jpg'),
(1021, 116, 'images/Turska/Marmaris/5 Munamar Residence/01.jpg'),
(1022, 116, 'images/Turska/Marmaris/5 Munamar Residence/02.jpg'),
(1023, 116, 'images/Turska/Marmaris/5 Munamar Residence/03.jpg'),
(1024, 116, 'images/Turska/Marmaris/5 Munamar Residence/04.jpg'),
(1025, 116, 'images/Turska/Marmaris/5 Munamar Residence/05.jpg'),
(1026, 116, 'images/Turska/Marmaris/5 Munamar Residence/06.jpg');

-- --------------------------------------------------------

--
-- Table structure for table `soba`
--

CREATE TABLE `soba` (
  `id_sobe` int(11) NOT NULL,
  `id_hotela` int(11) NOT NULL,
  `broj_sobe` varchar(8) COLLATE utf8_unicode_ci NOT NULL,
  `id_tipa_sobe` int(11) NOT NULL
) ENGINE=InnoDB DEFAULT CHARSET=utf8 COLLATE=utf8_unicode_ci;

--
-- Dumping data for table `soba`
--

INSERT INTO `soba` (`id_sobe`, `id_hotela`, `broj_sobe`, `id_tipa_sobe`) VALUES
(1, 1, '535', 1),
(2, 1, '498', 2),
(3, 1, '333', 3),
(4, 1, '172', 4),
(5, 1, '410', 5),
(6, 1, '338', 1),
(7, 1, '36', 2),
(8, 1, '264', 3),
(9, 1, '113', 4),
(10, 1, '322', 5),
(11, 2, '184', 1),
(12, 2, '250', 2),
(13, 2, '149', 3),
(14, 2, '544', 4),
(15, 2, '70', 5),
(16, 2, '370', 1),
(17, 2, '541', 2),
(18, 2, '492', 3),
(19, 2, '289', 4),
(20, 2, '517', 5),
(21, 3, '72', 1),
(22, 3, '281', 2),
(23, 3, '88', 3),
(24, 3, '149', 4),
(25, 3, '479', 5),
(26, 3, '297', 1),
(27, 3, '48', 2),
(28, 3, '447', 3),
(29, 3, '443', 4),
(30, 3, '324', 5),
(31, 4, '249', 1),
(32, 4, '282', 2),
(33, 4, '112', 3),
(34, 4, '266', 4),
(35, 4, '441', 5),
(36, 4, '307', 1),
(37, 4, '212', 2),
(38, 4, '138', 3),
(39, 4, '53', 4),
(40, 4, '403', 5),
(41, 5, '248', 1),
(42, 5, '325', 2),
(43, 5, '331', 3),
(44, 5, '127', 4),
(45, 5, '195', 5),
(46, 5, '41', 1),
(47, 5, '170', 2),
(48, 5, '175', 3),
(49, 5, '366', 4),
(50, 5, '204', 5),
(51, 6, '471', 1),
(52, 6, '441', 2),
(53, 6, '241', 3),
(54, 6, '429', 4),
(55, 6, '324', 5),
(56, 6, '332', 1),
(57, 6, '139', 2),
(58, 6, '248', 3),
(59, 6, '271', 4),
(60, 6, '60', 5),
(61, 7, '379', 1),
(62, 7, '392', 2),
(63, 7, '270', 3),
(64, 7, '176', 4),
(65, 7, '69', 5),
(66, 7, '366', 1),
(67, 7, '522', 2),
(68, 7, '411', 3),
(69, 7, '491', 4),
(70, 7, '121', 5),
(71, 8, '280', 1),
(72, 8, '235', 2),
(73, 8, '333', 3),
(74, 8, '411', 4),
(75, 8, '507', 5),
(76, 8, '199', 1),
(77, 8, '24', 2),
(78, 8, '74', 3),
(79, 8, '297', 4),
(80, 8, '161', 5),
(81, 9, '1', 1),
(82, 9, '228', 2),
(83, 9, '36', 3),
(84, 9, '45', 4),
(85, 9, '118', 5),
(86, 9, '453', 1),
(87, 9, '263', 2),
(88, 9, '503', 3),
(89, 9, '76', 4),
(90, 9, '522', 5),
(91, 10, '177', 1),
(92, 10, '176', 2),
(93, 10, '350', 3),
(94, 10, '122', 4),
(95, 10, '107', 5),
(96, 10, '171', 1),
(97, 10, '532', 2),
(98, 10, '495', 3),
(99, 10, '331', 4),
(100, 10, '168', 5),
(101, 11, '171', 1),
(102, 11, '32', 2),
(103, 11, '199', 3),
(104, 11, '347', 4),
(105, 11, '38', 5),
(106, 11, '250', 1),
(107, 11, '33', 2),
(108, 11, '514', 3),
(109, 11, '272', 4),
(110, 11, '367', 5),
(111, 12, '45', 1),
(112, 12, '82', 2),
(113, 12, '277', 3),
(114, 12, '36', 4),
(115, 12, '449', 5),
(116, 12, '487', 1),
(117, 12, '538', 2),
(118, 12, '127', 3),
(119, 12, '120', 4),
(120, 12, '218', 5),
(121, 13, '206', 1),
(122, 13, '130', 2),
(123, 13, '30', 3),
(124, 13, '308', 4),
(125, 13, '350', 5),
(126, 13, '278', 1),
(127, 13, '336', 2),
(128, 13, '299', 3),
(129, 13, '484', 4),
(130, 13, '421', 5),
(131, 14, '244', 1),
(132, 14, '487', 2),
(133, 14, '55', 3),
(134, 14, '460', 4),
(135, 14, '488', 5),
(136, 14, '509', 1),
(137, 14, '528', 2),
(138, 14, '16', 3),
(139, 14, '143', 4),
(140, 14, '118', 5),
(141, 15, '54', 1),
(142, 15, '59', 2),
(143, 15, '130', 3),
(144, 15, '474', 4),
(145, 15, '327', 5),
(146, 15, '216', 1),
(147, 15, '96', 2),
(148, 15, '380', 3),
(149, 15, '515', 4),
(150, 15, '332', 5),
(151, 16, '160', 1),
(152, 17, '87', 2),
(153, 16, '507', 3),
(154, 17, '70', 4),
(155, 16, '480', 5),
(156, 17, '538', 1),
(157, 16, '148', 2),
(158, 17, '229', 3),
(159, 16, '148', 4),
(160, 17, '55', 5),
(161, 18, '407', 1),
(162, 18, '472', 2),
(163, 18, '39', 3),
(164, 18, '428', 4),
(165, 18, '371', 5),
(166, 18, '19', 1),
(167, 18, '85', 2),
(168, 18, '365', 3),
(169, 18, '469', 4),
(170, 18, '152', 5),
(171, 19, '312', 1),
(172, 19, '310', 2),
(173, 19, '63', 3),
(174, 19, '484', 4),
(175, 19, '32', 5),
(176, 19, '358', 1),
(177, 19, '44', 2),
(178, 19, '243', 3),
(179, 19, '535', 4),
(180, 19, '295', 5),
(181, 20, '242', 1),
(182, 20, '208', 2),
(183, 20, '312', 3),
(184, 20, '385', 4),
(185, 20, '438', 5),
(186, 20, '486', 1),
(187, 20, '16', 2),
(188, 20, '273', 3),
(189, 20, '215', 4),
(190, 20, '254', 5),
(191, 21, '134', 1),
(192, 21, '378', 2),
(193, 21, '387', 3),
(194, 21, '253', 4),
(195, 21, '100', 5),
(196, 21, '292', 1),
(197, 21, '61', 2),
(198, 21, '528', 3),
(199, 21, '255', 4),
(200, 21, '240', 5),
(201, 22, '333', 1),
(202, 22, '246', 2),
(203, 22, '229', 3),
(204, 22, '410', 4),
(205, 22, '260', 5),
(206, 22, '72', 1),
(207, 22, '127', 2),
(208, 22, '418', 3),
(209, 22, '60', 4),
(210, 22, '144', 5),
(211, 23, '453', 1),
(212, 23, '345', 2),
(213, 23, '364', 3),
(214, 23, '236', 4),
(215, 23, '88', 5),
(216, 23, '283', 1),
(217, 23, '47', 2),
(218, 23, '489', 3),
(219, 23, '101', 4),
(220, 23, '140', 5),
(221, 24, '415', 1),
(222, 24, '253', 2),
(223, 24, '21', 3),
(224, 24, '443', 4),
(225, 24, '502', 5),
(226, 24, '80', 1),
(227, 24, '543', 2),
(228, 24, '273', 3),
(229, 24, '288', 4),
(230, 24, '70', 5),
(231, 25, '191', 1),
(232, 25, '407', 2),
(233, 25, '363', 3),
(234, 25, '42', 4),
(235, 25, '219', 5),
(236, 25, '421', 1),
(237, 25, '349', 2),
(238, 25, '478', 3),
(239, 25, '244', 4),
(240, 25, '335', 5),
(241, 26, '232', 1),
(242, 26, '29', 2),
(243, 26, '550', 3),
(244, 26, '464', 4),
(245, 26, '118', 5),
(246, 26, '297', 1),
(247, 26, '31', 2),
(248, 26, '363', 3),
(249, 26, '70', 4),
(250, 26, '364', 5),
(251, 27, '313', 1),
(252, 27, '510', 2),
(253, 27, '511', 3),
(254, 27, '472', 4),
(255, 27, '278', 5),
(256, 27, '524', 1),
(257, 27, '133', 2),
(258, 27, '195', 3),
(259, 27, '24', 4),
(260, 27, '87', 5),
(261, 28, '491', 1),
(262, 28, '476', 2),
(263, 28, '357', 3),
(264, 28, '357', 4),
(265, 28, '162', 5),
(266, 28, '288', 1),
(267, 28, '403', 2),
(268, 28, '51', 3),
(269, 28, '144', 4),
(270, 28, '18', 5),
(271, 29, '258', 1),
(272, 29, '338', 2),
(273, 29, '363', 3),
(274, 29, '254', 4),
(275, 29, '177', 5),
(276, 29, '125', 1),
(277, 29, '94', 2),
(278, 29, '94', 3),
(279, 29, '185', 4),
(280, 29, '95', 5),
(281, 30, '213', 1),
(282, 30, '219', 2),
(283, 30, '458', 3),
(284, 30, '530', 4),
(285, 30, '178', 5),
(286, 30, '401', 1),
(287, 30, '367', 2),
(288, 30, '85', 3),
(289, 30, '420', 4),
(290, 30, '195', 5),
(291, 31, '132', 1),
(292, 31, '208', 2),
(293, 31, '93', 3),
(294, 31, '390', 4),
(295, 31, '19', 5),
(296, 31, '26', 1),
(297, 31, '70', 2),
(298, 31, '274', 3),
(299, 31, '59', 4),
(300, 31, '21', 5),
(301, 32, '355', 1),
(302, 32, '168', 2),
(303, 32, '326', 3),
(304, 32, '23', 4),
(305, 32, '239', 5),
(306, 32, '26', 1),
(307, 32, '512', 2),
(308, 32, '280', 3),
(309, 32, '415', 4),
(310, 32, '133', 5),
(311, 33, '425', 1),
(312, 33, '367', 2),
(313, 33, '10', 3),
(314, 33, '50', 4),
(315, 33, '219', 5),
(316, 33, '395', 1),
(317, 33, '215', 2),
(318, 33, '442', 3),
(319, 33, '466', 4),
(320, 33, '450', 5),
(321, 34, '512', 1),
(322, 34, '370', 2),
(323, 34, '310', 3),
(324, 34, '442', 4),
(325, 34, '181', 5),
(326, 34, '126', 1),
(327, 34, '87', 2),
(328, 34, '56', 3),
(329, 34, '20', 4),
(330, 34, '483', 5),
(331, 35, '9', 1),
(332, 35, '101', 2),
(333, 35, '478', 3),
(334, 35, '437', 4),
(335, 35, '197', 5),
(336, 35, '227', 1),
(337, 35, '543', 2),
(338, 35, '382', 3),
(339, 35, '281', 4),
(340, 35, '259', 5),
(341, 36, '233', 1),
(342, 36, '330', 2),
(343, 36, '398', 3),
(344, 36, '451', 4),
(345, 36, '509', 5),
(346, 36, '94', 1),
(347, 36, '40', 2),
(348, 36, '468', 3),
(349, 36, '19', 4),
(350, 36, '341', 5),
(351, 37, '191', 1),
(352, 37, '453', 2),
(353, 37, '40', 3),
(354, 37, '491', 4),
(355, 37, '133', 5),
(356, 37, '291', 1),
(357, 37, '506', 2),
(358, 37, '5', 3),
(359, 37, '158', 4),
(360, 37, '226', 5),
(361, 38, '393', 1),
(362, 38, '3', 2),
(363, 38, '486', 3),
(364, 38, '220', 4),
(365, 38, '191', 5),
(366, 38, '296', 1),
(367, 38, '354', 2),
(368, 38, '332', 3),
(369, 38, '46', 4),
(370, 38, '336', 5),
(371, 39, '338', 1),
(372, 39, '237', 2),
(373, 39, '168', 3),
(374, 39, '131', 4),
(375, 39, '150', 5),
(376, 39, '356', 1),
(377, 39, '229', 2),
(378, 39, '77', 3),
(379, 39, '249', 4),
(380, 39, '464', 5),
(381, 40, '342', 1),
(382, 40, '320', 2),
(383, 40, '23', 3),
(384, 40, '255', 4),
(385, 40, '107', 5),
(386, 40, '317', 1),
(387, 40, '163', 2),
(388, 40, '414', 3),
(389, 40, '479', 4),
(390, 40, '54', 5),
(391, 41, '446', 1),
(392, 41, '66', 2),
(393, 41, '91', 3),
(394, 41, '257', 4),
(395, 41, '461', 5),
(396, 41, '435', 1),
(397, 41, '241', 2),
(398, 41, '450', 3),
(399, 41, '424', 4),
(400, 41, '221', 5),
(401, 42, '425', 1),
(402, 42, '72', 2),
(403, 42, '185', 3),
(404, 42, '158', 4),
(405, 42, '235', 5),
(406, 42, '152', 1),
(407, 42, '52', 2),
(408, 42, '354', 3),
(409, 42, '512', 4),
(410, 42, '400', 5),
(411, 43, '357', 1),
(412, 43, '177', 2),
(413, 43, '366', 3),
(414, 43, '199', 4),
(415, 43, '444', 5),
(416, 43, '525', 1),
(417, 43, '190', 2),
(418, 43, '475', 3),
(419, 43, '156', 4),
(420, 43, '454', 5),
(421, 44, '238', 1),
(422, 44, '484', 2),
(423, 44, '57', 3),
(424, 44, '481', 4),
(425, 44, '33', 5),
(426, 44, '371', 1),
(427, 44, '105', 2),
(428, 44, '515', 3),
(429, 44, '56', 4),
(430, 44, '385', 5),
(431, 45, '475', 1),
(432, 45, '141', 2),
(433, 45, '379', 3),
(434, 45, '373', 4),
(435, 45, '175', 5),
(436, 45, '306', 1),
(437, 45, '457', 2),
(438, 45, '265', 3),
(439, 45, '503', 4),
(440, 45, '69', 5),
(441, 46, '486', 1),
(442, 46, '519', 2),
(443, 46, '35', 3),
(444, 46, '270', 4),
(445, 46, '145', 5),
(446, 46, '463', 1),
(447, 46, '229', 2),
(448, 46, '307', 3),
(449, 46, '298', 4),
(450, 46, '16', 5),
(451, 47, '84', 1),
(452, 47, '454', 2),
(453, 47, '364', 3),
(454, 47, '460', 4),
(455, 47, '107', 5),
(456, 47, '256', 1),
(457, 47, '407', 2),
(458, 47, '165', 3),
(459, 47, '156', 4),
(460, 47, '285', 5),
(461, 48, '487', 1),
(462, 48, '436', 2),
(463, 48, '168', 3),
(464, 48, '81', 4),
(465, 48, '452', 5),
(466, 48, '365', 1),
(467, 48, '469', 2),
(468, 48, '148', 3),
(469, 48, '433', 4),
(470, 48, '70', 5),
(471, 49, '386', 1),
(472, 49, '321', 2),
(473, 49, '446', 3),
(474, 49, '168', 4),
(475, 49, '53', 5),
(476, 49, '307', 1),
(477, 49, '277', 2),
(478, 49, '464', 3),
(479, 49, '389', 4),
(480, 49, '1', 5),
(481, 50, '466', 1),
(482, 50, '196', 2),
(483, 50, '135', 3),
(484, 50, '84', 4),
(485, 50, '17', 5),
(486, 50, '382', 1),
(487, 50, '210', 2),
(488, 50, '453', 3),
(489, 50, '533', 4),
(490, 50, '206', 5),
(491, 51, '489', 1),
(492, 51, '91', 2),
(493, 51, '90', 3),
(494, 51, '177', 4),
(495, 51, '62', 5),
(496, 51, '330', 1),
(497, 51, '362', 2),
(498, 51, '272', 3),
(499, 51, '274', 4),
(500, 51, '1', 5),
(501, 52, '156', 1),
(502, 52, '54', 2),
(503, 52, '354', 3),
(504, 52, '504', 4),
(505, 52, '360', 5),
(506, 52, '288', 1),
(507, 52, '357', 2),
(508, 52, '370', 3),
(509, 52, '230', 4),
(510, 52, '39', 5),
(511, 53, '393', 1),
(512, 53, '172', 2),
(513, 53, '230', 3),
(514, 53, '83', 4),
(515, 53, '274', 5),
(516, 53, '21', 1),
(517, 53, '383', 2),
(518, 53, '203', 3),
(519, 53, '413', 4),
(520, 53, '357', 5),
(521, 54, '496', 1),
(522, 54, '351', 2),
(523, 54, '267', 3),
(524, 54, '280', 4),
(525, 54, '48', 5),
(526, 54, '501', 1),
(527, 54, '158', 2),
(528, 54, '389', 3),
(529, 54, '369', 4),
(530, 54, '129', 5),
(531, 55, '477', 1),
(532, 55, '514', 2),
(533, 55, '41', 3),
(534, 55, '311', 4),
(535, 55, '333', 5),
(536, 55, '182', 1),
(537, 55, '460', 2),
(538, 55, '104', 3),
(539, 55, '241', 4),
(540, 55, '340', 5),
(541, 56, '332', 1),
(542, 56, '161', 2),
(543, 56, '360', 3),
(544, 56, '214', 4),
(545, 56, '539', 5),
(546, 56, '403', 1),
(547, 56, '396', 2),
(548, 56, '222', 3),
(549, 56, '473', 4),
(550, 56, '49', 5),
(551, 57, '507', 1),
(552, 57, '147', 2),
(553, 57, '313', 3),
(554, 57, '23', 4),
(555, 57, '276', 5),
(556, 57, '209', 1),
(557, 57, '217', 2),
(558, 57, '459', 3),
(559, 57, '542', 4),
(560, 57, '232', 5),
(561, 58, '76', 1),
(562, 58, '55', 2),
(563, 58, '47', 3),
(564, 58, '71', 4),
(565, 58, '214', 5),
(566, 58, '305', 1),
(567, 58, '334', 2),
(568, 58, '204', 3),
(569, 58, '19', 4),
(570, 58, '31', 5),
(571, 59, '56', 1),
(572, 59, '328', 2),
(573, 59, '373', 3),
(574, 59, '329', 4),
(575, 59, '524', 5),
(576, 59, '532', 1),
(577, 59, '538', 2),
(578, 59, '542', 3),
(579, 59, '549', 4),
(580, 59, '15', 5),
(581, 60, '30', 1),
(582, 60, '100', 2),
(583, 60, '410', 3),
(584, 60, '101', 4),
(585, 60, '372', 5),
(586, 60, '457', 1),
(587, 60, '67', 2),
(588, 60, '66', 3),
(589, 60, '127', 4),
(590, 60, '437', 5),
(591, 61, '510', 1),
(592, 61, '40', 2),
(593, 61, '321', 3),
(594, 61, '385', 4),
(595, 61, '413', 5),
(596, 61, '358', 1),
(597, 61, '550', 2),
(598, 61, '26', 3),
(599, 61, '128', 4),
(600, 61, '11', 5),
(601, 62, '462', 1),
(602, 62, '507', 2),
(603, 62, '47', 3),
(604, 62, '364', 4),
(605, 62, '29', 5),
(606, 62, '154', 1),
(607, 62, '132', 2),
(608, 62, '198', 3),
(609, 62, '43', 4),
(610, 62, '169', 5),
(611, 63, '195', 1),
(612, 63, '409', 2),
(613, 63, '360', 3),
(614, 63, '22', 4),
(615, 63, '130', 5),
(616, 63, '34', 1),
(617, 63, '329', 2),
(618, 63, '442', 3),
(619, 63, '123', 4),
(620, 63, '390', 5),
(621, 64, '125', 1),
(622, 64, '459', 2),
(623, 64, '268', 3),
(624, 64, '512', 4),
(625, 64, '106', 5),
(626, 64, '95', 1),
(627, 64, '157', 2),
(628, 64, '497', 3),
(629, 64, '363', 4),
(630, 64, '326', 5),
(631, 65, '142', 1),
(632, 65, '1', 2),
(633, 65, '125', 3),
(634, 65, '75', 4),
(635, 65, '548', 5),
(636, 65, '316', 1),
(637, 65, '484', 2),
(638, 65, '371', 3),
(639, 65, '403', 4),
(640, 65, '350', 5),
(641, 66, '505', 1),
(642, 66, '154', 2),
(643, 66, '355', 3),
(644, 66, '211', 4),
(645, 66, '538', 5),
(646, 66, '408', 1),
(647, 66, '427', 2),
(648, 66, '358', 3),
(649, 66, '509', 4),
(650, 66, '370', 5),
(651, 67, '16', 1),
(652, 67, '286', 2),
(653, 67, '281', 3),
(654, 67, '547', 4),
(655, 67, '240', 5),
(656, 67, '109', 1),
(657, 67, '376', 2),
(658, 67, '451', 3),
(659, 67, '25', 4),
(660, 67, '424', 5),
(661, 68, '534', 1),
(662, 68, '400', 2),
(663, 68, '398', 3),
(664, 68, '239', 4),
(665, 68, '2', 5),
(666, 68, '393', 1),
(667, 68, '306', 2),
(668, 68, '353', 3),
(669, 68, '296', 4),
(670, 68, '419', 5),
(671, 69, '232', 1),
(672, 69, '506', 2),
(673, 69, '181', 3),
(674, 69, '489', 4),
(675, 69, '251', 5),
(676, 69, '338', 1),
(677, 69, '388', 2),
(678, 69, '372', 3),
(679, 69, '147', 4),
(680, 69, '169', 5),
(681, 70, '520', 1),
(682, 70, '354', 2),
(683, 70, '211', 3),
(684, 70, '539', 4),
(685, 70, '412', 5),
(686, 70, '443', 1),
(687, 70, '428', 2),
(688, 70, '263', 3),
(689, 70, '28', 4),
(690, 70, '451', 5),
(691, 71, '7', 1),
(692, 71, '72', 2),
(693, 71, '340', 3),
(694, 71, '385', 4),
(695, 71, '355', 5),
(696, 71, '70', 1),
(697, 71, '385', 2),
(698, 71, '62', 3),
(699, 71, '255', 4),
(700, 71, '541', 5),
(701, 72, '293', 1),
(702, 72, '285', 2),
(703, 72, '546', 3),
(704, 72, '225', 4),
(705, 72, '37', 5),
(706, 72, '58', 1),
(707, 72, '180', 2),
(708, 72, '174', 3),
(709, 72, '329', 4),
(710, 72, '24', 5),
(711, 73, '394', 1),
(712, 73, '486', 2),
(713, 73, '150', 3),
(714, 73, '390', 4),
(715, 73, '398', 5),
(716, 73, '271', 1),
(717, 73, '159', 2),
(718, 73, '532', 3),
(719, 73, '534', 4),
(720, 73, '521', 5),
(721, 74, '140', 1),
(722, 74, '103', 2),
(723, 74, '95', 3),
(724, 74, '165', 4),
(725, 74, '538', 5),
(726, 74, '545', 1),
(727, 74, '10', 2),
(728, 74, '66', 3),
(729, 74, '297', 4),
(730, 74, '189', 5),
(731, 75, '372', 1),
(732, 75, '1', 2),
(733, 75, '539', 3),
(734, 75, '492', 4),
(735, 75, '291', 5),
(736, 75, '530', 1),
(737, 75, '128', 2),
(738, 75, '147', 3),
(739, 75, '352', 4),
(740, 75, '216', 5),
(741, 76, '461', 1),
(742, 76, '17', 2),
(743, 76, '349', 3),
(744, 76, '44', 4),
(745, 76, '273', 5),
(746, 76, '134', 1),
(747, 76, '399', 2),
(748, 76, '493', 3),
(749, 76, '166', 4),
(750, 76, '450', 5),
(751, 77, '356', 1),
(752, 77, '189', 2),
(753, 77, '426', 3),
(754, 77, '462', 4),
(755, 77, '481', 5),
(756, 77, '468', 1),
(757, 77, '349', 2),
(758, 77, '341', 3),
(759, 77, '105', 4),
(760, 77, '54', 5),
(761, 78, '214', 1),
(762, 78, '13', 2),
(763, 78, '521', 3),
(764, 78, '367', 4),
(765, 78, '271', 5),
(766, 78, '254', 1),
(767, 78, '456', 2),
(768, 78, '416', 3),
(769, 78, '164', 4),
(770, 78, '120', 5),
(771, 79, '234', 1),
(772, 79, '466', 2),
(773, 79, '525', 3),
(774, 79, '127', 4),
(775, 79, '159', 5),
(776, 79, '413', 1),
(777, 79, '487', 2),
(778, 79, '98', 3),
(779, 79, '126', 4),
(780, 79, '336', 5),
(781, 80, '399', 1),
(782, 80, '144', 2),
(783, 80, '72', 3),
(784, 80, '477', 4),
(785, 80, '521', 5),
(786, 80, '71', 1),
(787, 80, '444', 2),
(788, 80, '357', 3),
(789, 80, '452', 4),
(790, 80, '88', 5),
(791, 81, '447', 1),
(792, 81, '257', 2),
(793, 81, '490', 3),
(794, 81, '32', 4),
(795, 81, '339', 5),
(796, 81, '496', 1),
(797, 81, '364', 2),
(798, 81, '332', 3),
(799, 81, '18', 4),
(800, 81, '193', 5),
(801, 82, '108', 1),
(802, 82, '346', 2),
(803, 82, '303', 3),
(804, 82, '476', 4),
(805, 82, '374', 5),
(806, 82, '439', 1),
(807, 82, '522', 2),
(808, 82, '193', 3),
(809, 82, '498', 4),
(810, 82, '261', 5),
(811, 83, '74', 1),
(812, 83, '67', 2),
(813, 83, '112', 3),
(814, 83, '358', 4),
(815, 83, '354', 5),
(816, 83, '148', 1),
(817, 83, '225', 2),
(818, 83, '132', 3),
(819, 83, '535', 4),
(820, 83, '78', 5),
(821, 84, '390', 1),
(822, 84, '24', 2),
(823, 84, '52', 3),
(824, 84, '187', 4),
(825, 84, '230', 5),
(826, 84, '38', 1),
(827, 84, '48', 2),
(828, 84, '125', 3),
(829, 84, '483', 4),
(830, 84, '388', 5),
(831, 85, '419', 1),
(832, 85, '359', 2),
(833, 85, '535', 3),
(834, 85, '501', 4),
(835, 85, '349', 5),
(836, 85, '240', 1),
(837, 85, '152', 2),
(838, 85, '42', 3),
(839, 85, '301', 4),
(840, 85, '281', 5),
(841, 86, '180', 1),
(842, 86, '42', 2),
(843, 86, '219', 3),
(844, 86, '420', 4),
(845, 86, '340', 5),
(846, 86, '443', 1),
(847, 86, '91', 2),
(848, 86, '229', 3),
(849, 86, '319', 4),
(850, 86, '360', 5),
(851, 87, '224', 1),
(852, 87, '166', 2),
(853, 87, '157', 3),
(854, 87, '286', 4),
(855, 87, '407', 5),
(856, 87, '78', 1),
(857, 87, '266', 2),
(858, 87, '549', 3),
(859, 87, '294', 4),
(860, 87, '372', 5),
(861, 88, '372', 1),
(862, 88, '283', 2),
(863, 88, '296', 3),
(864, 88, '82', 4),
(865, 88, '73', 5),
(866, 88, '116', 1),
(867, 88, '362', 2),
(868, 88, '363', 3),
(869, 88, '178', 4),
(870, 88, '349', 5),
(871, 89, '179', 1),
(872, 89, '151', 2),
(873, 89, '216', 3),
(874, 89, '79', 4),
(875, 89, '295', 5),
(876, 89, '140', 1),
(877, 89, '361', 2),
(878, 89, '288', 3),
(879, 89, '354', 4),
(880, 89, '355', 5),
(881, 90, '190', 1),
(882, 90, '446', 2),
(883, 90, '11', 3),
(884, 90, '364', 4),
(885, 90, '140', 5),
(886, 90, '156', 1),
(887, 90, '361', 2),
(888, 90, '236', 3),
(889, 90, '97', 4),
(890, 90, '325', 5),
(891, 91, '418', 1),
(892, 91, '401', 2),
(893, 91, '201', 3),
(894, 91, '352', 4),
(895, 91, '58', 5),
(896, 91, '333', 1),
(897, 91, '390', 2),
(898, 91, '401', 3),
(899, 91, '284', 4),
(900, 91, '217', 5),
(901, 92, '262', 1),
(902, 92, '506', 2),
(903, 92, '90', 3),
(904, 92, '31', 4),
(905, 92, '436', 5),
(906, 92, '436', 1),
(907, 92, '322', 2),
(908, 92, '303', 3),
(909, 92, '547', 4),
(910, 92, '177', 5),
(911, 93, '58', 1),
(912, 93, '110', 2),
(913, 93, '378', 3),
(914, 93, '461', 4),
(915, 93, '68', 5),
(916, 93, '58', 1),
(917, 93, '86', 2),
(918, 93, '256', 3),
(919, 93, '472', 4),
(920, 93, '491', 5),
(921, 94, '345', 1),
(922, 94, '474', 2),
(923, 94, '234', 3),
(924, 94, '297', 4),
(925, 94, '233', 5),
(926, 94, '273', 1),
(927, 94, '115', 2),
(928, 94, '308', 3),
(929, 94, '91', 4),
(930, 94, '83', 5),
(931, 95, '420', 1),
(932, 95, '49', 2),
(933, 95, '84', 3),
(934, 95, '271', 4),
(935, 95, '2', 5),
(936, 95, '296', 1),
(937, 95, '376', 2),
(938, 95, '439', 3),
(939, 95, '517', 4),
(940, 95, '170', 5),
(941, 96, '525', 1),
(942, 96, '307', 2),
(943, 96, '510', 3),
(944, 96, '526', 4),
(945, 96, '3', 5),
(946, 96, '86', 1),
(947, 96, '421', 2),
(948, 96, '194', 3),
(949, 96, '258', 4),
(950, 96, '159', 5),
(951, 97, '110', 1),
(952, 97, '180', 2),
(953, 97, '21', 3),
(954, 97, '112', 4),
(955, 97, '496', 5),
(956, 97, '494', 1),
(957, 97, '431', 2),
(958, 97, '124', 3),
(959, 97, '424', 4),
(960, 97, '98', 5),
(961, 98, '467', 1),
(962, 98, '297', 2),
(963, 98, '86', 3),
(964, 98, '88', 4),
(965, 98, '180', 5),
(966, 98, '84', 1),
(967, 98, '431', 2),
(968, 98, '254', 3),
(969, 98, '526', 4),
(970, 98, '217', 5),
(971, 99, '353', 1),
(972, 99, '53', 2),
(973, 99, '304', 3),
(974, 99, '260', 4),
(975, 99, '387', 5),
(976, 99, '54', 1),
(977, 99, '210', 2),
(978, 99, '337', 3),
(979, 99, '506', 4),
(980, 99, '420', 5),
(981, 100, '341', 1),
(982, 100, '75', 2),
(983, 100, '451', 3),
(984, 100, '379', 4),
(985, 100, '541', 5),
(986, 100, '466', 1),
(987, 100, '159', 2),
(988, 100, '495', 3),
(989, 100, '349', 4),
(990, 100, '259', 5),
(991, 101, '288', 1),
(992, 101, '279', 2),
(993, 101, '528', 3),
(994, 101, '152', 4),
(995, 101, '277', 5),
(996, 101, '377', 1),
(997, 101, '503', 2),
(998, 101, '283', 3),
(999, 101, '457', 4),
(1000, 101, '333', 5),
(1001, 102, '124', 1),
(1002, 102, '366', 2),
(1003, 102, '355', 3),
(1004, 102, '127', 4),
(1005, 102, '119', 5),
(1006, 102, '215', 1),
(1007, 102, '167', 2),
(1008, 102, '189', 3),
(1009, 102, '443', 4),
(1010, 102, '547', 5),
(1011, 103, '338', 1),
(1012, 103, '68', 2),
(1013, 103, '424', 3),
(1014, 103, '267', 4),
(1015, 103, '64', 5),
(1016, 103, '66', 1),
(1017, 103, '137', 2),
(1018, 103, '485', 3),
(1019, 103, '367', 4),
(1020, 103, '377', 5),
(1021, 104, '344', 1),
(1022, 104, '412', 2),
(1023, 104, '476', 3),
(1024, 104, '43', 4),
(1025, 104, '440', 5),
(1026, 104, '417', 1),
(1027, 104, '217', 2),
(1028, 104, '384', 3),
(1029, 104, '167', 4),
(1030, 104, '234', 5),
(1031, 105, '345', 1),
(1032, 105, '501', 2),
(1033, 105, '370', 3),
(1034, 105, '345', 4),
(1035, 105, '64', 5),
(1036, 105, '387', 1),
(1037, 105, '93', 2),
(1038, 105, '404', 3),
(1039, 105, '87', 4),
(1040, 105, '325', 5),
(1041, 106, '108', 1),
(1042, 106, '334', 2),
(1043, 106, '245', 3),
(1044, 106, '224', 4),
(1045, 106, '385', 5),
(1046, 106, '150', 1),
(1047, 106, '144', 2),
(1048, 106, '270', 3),
(1049, 106, '368', 4),
(1050, 106, '481', 5),
(1051, 107, '282', 1),
(1052, 107, '122', 2),
(1053, 107, '313', 3),
(1054, 107, '99', 4),
(1055, 107, '105', 5),
(1056, 107, '228', 1),
(1057, 107, '274', 2),
(1058, 107, '136', 3),
(1059, 107, '407', 4),
(1060, 107, '527', 5),
(1061, 108, '473', 1),
(1062, 108, '433', 2),
(1063, 108, '195', 3),
(1064, 108, '227', 4),
(1065, 108, '549', 5),
(1066, 108, '411', 1),
(1067, 108, '410', 2),
(1068, 108, '264', 3),
(1069, 108, '92', 4),
(1070, 108, '218', 5),
(1071, 109, '144', 1),
(1072, 109, '415', 2),
(1073, 109, '541', 3),
(1074, 109, '361', 4),
(1075, 109, '180', 5),
(1076, 109, '368', 1),
(1077, 109, '201', 2),
(1078, 109, '449', 3),
(1079, 109, '542', 4),
(1080, 109, '261', 5),
(1081, 110, '549', 1),
(1082, 110, '169', 2),
(1083, 110, '299', 3),
(1084, 110, '437', 4),
(1085, 110, '187', 5),
(1086, 110, '172', 1),
(1087, 110, '301', 2),
(1088, 110, '440', 3),
(1089, 110, '193', 4),
(1090, 110, '196', 5),
(1091, 111, '40', 1),
(1092, 111, '348', 2),
(1093, 111, '519', 3),
(1094, 111, '449', 4),
(1095, 111, '140', 5),
(1096, 111, '451', 1),
(1097, 111, '185', 2),
(1098, 111, '123', 3),
(1099, 111, '57', 4),
(1100, 111, '465', 5),
(1101, 112, '448', 1),
(1102, 112, '483', 2),
(1103, 112, '522', 3),
(1104, 112, '62', 4),
(1105, 112, '390', 5),
(1106, 112, '114', 1),
(1107, 112, '500', 2),
(1108, 112, '507', 3),
(1109, 112, '485', 4),
(1110, 112, '351', 5),
(1111, 113, '251', 1),
(1112, 113, '399', 2),
(1113, 113, '140', 3),
(1114, 113, '51', 4),
(1115, 113, '386', 5),
(1116, 113, '127', 1),
(1117, 113, '25', 2),
(1118, 113, '292', 3),
(1119, 113, '288', 4),
(1120, 113, '13', 5),
(1121, 114, '152', 1),
(1122, 114, '215', 2),
(1123, 114, '69', 3),
(1124, 114, '249', 4),
(1125, 114, '485', 5),
(1126, 114, '31', 1),
(1127, 114, '348', 2),
(1128, 114, '546', 3),
(1129, 114, '34', 4),
(1130, 114, '183', 5),
(1131, 115, '198', 1),
(1132, 115, '40', 2),
(1133, 115, '156', 3),
(1134, 115, '110', 4),
(1135, 115, '80', 5),
(1136, 115, '70', 1),
(1137, 115, '112', 2),
(1138, 115, '346', 3),
(1139, 115, '295', 4),
(1140, 115, '438', 5),
(1141, 116, '11', 1),
(1142, 116, '54', 2),
(1143, 116, '237', 3),
(1144, 116, '472', 4),
(1145, 116, '1', 5),
(1146, 116, '236', 1),
(1147, 116, '75', 2),
(1148, 116, '218', 3),
(1149, 116, '316', 4),
(1150, 116, '375', 5);

-- --------------------------------------------------------

--
-- Table structure for table `tip_sobe`
--

CREATE TABLE `tip_sobe` (
  `id_tipa_sobe` int(11) NOT NULL,
  `tip_sobe` varchar(16) COLLATE utf8_unicode_ci NOT NULL
) ENGINE=InnoDB DEFAULT CHARSET=utf8 COLLATE=utf8_unicode_ci;

--
-- Dumping data for table `tip_sobe`
--

INSERT INTO `tip_sobe` (`id_tipa_sobe`, `tip_sobe`) VALUES
(1, 'jednokrevetna'),
(2, 'dvokrevetna'),
(3, 'trokrevetna'),
(4, 'cetvorokrevetna'),
(5, 'petokrevetna');

-- --------------------------------------------------------

--
-- Table structure for table `transport`
--

CREATE TABLE `transport` (
  `id_destinacije` int(11) NOT NULL,
  `id_prevoza` int(11) NOT NULL,
  `cena_transporta` double NOT NULL
) ENGINE=InnoDB DEFAULT CHARSET=utf8 COLLATE=utf8_unicode_ci;

--
-- Dumping data for table `transport`
--

INSERT INTO `transport` (`id_destinacije`, `id_prevoza`, `cena_transporta`) VALUES
(1, 1, 0),
(1, 2, 100),
(1, 3, 200),
(2, 1, 0),
(2, 2, 100),
(2, 3, 200),
(3, 1, 0),
(3, 2, 100),
(3, 3, 200),
(4, 1, 0),
(4, 2, 100),
(4, 3, 200),
(5, 1, 0),
(5, 2, 100),
(5, 3, 200),
(6, 1, 0),
(6, 2, 150),
(6, 3, 250),
(7, 1, 0),
(7, 2, 150),
(7, 3, 250),
(8, 1, 0),
(8, 2, 150),
(8, 3, 250),
(9, 1, 0),
(9, 2, 150),
(9, 3, 250),
(10, 1, 0),
(10, 2, 130),
(10, 3, 230),
(11, 1, 0),
(11, 2, 130),
(11, 3, 230),
(12, 1, 0),
(12, 2, 130),
(12, 3, 230),
(13, 1, 0),
(13, 2, 130),
(13, 3, 230);

--
-- Indexes for dumped tables
--

--
-- Indexes for table `aranzman`
--
ALTER TABLE `aranzman`
  ADD PRIMARY KEY (`id_rezervacije`),
  ADD KEY `fk_putnik_aranzman` (`id_putnika`);

--
-- Indexes for table `cena_sobe`
--
ALTER TABLE `cena_sobe`
  ADD PRIMARY KEY (`id_hotela`,`id_tipa_sobe`),
  ADD KEY `fk_tipsobe_cenasobe` (`id_tipa_sobe`);

--
-- Indexes for table `destinacija`
--
ALTER TABLE `destinacija`
  ADD PRIMARY KEY (`id_destinacije`),
  ADD KEY `fk_drzava_destinacija` (`id_drzave`);

--
-- Indexes for table `drzava`
--
ALTER TABLE `drzava`
  ADD PRIMARY KEY (`id_drzave`);

--
-- Indexes for table `hotel`
--
ALTER TABLE `hotel`
  ADD PRIMARY KEY (`id_hotela`),
  ADD KEY `fk_destinacija_hotel` (`id_destinacije`);

--
-- Indexes for table `kreditna_kartica`
--
ALTER TABLE `kreditna_kartica`
  ADD PRIMARY KEY (`broj_kartice`);

--
-- Indexes for table `prevozno_sredstvo`
--
ALTER TABLE `prevozno_sredstvo`
  ADD PRIMARY KEY (`id_prevoza`);

--
-- Indexes for table `putnik`
--
ALTER TABLE `putnik`
  ADD PRIMARY KEY (`id_putnika`),
  ADD KEY `fk_kreditnakartica_putnik` (`broj_kartice`);

--
-- Indexes for table `rezervisana_soba`
--
ALTER TABLE `rezervisana_soba`
  ADD PRIMARY KEY (`id_sobe`,`id_rezervacije`),
  ADD KEY `fk_aranzman_rezervisanasoba` (`id_rezervacije`);

--
-- Indexes for table `slika`
--
ALTER TABLE `slika`
  ADD PRIMARY KEY (`id_slike`),
  ADD KEY `fk_hotel_slika` (`id_hotela`);

--
-- Indexes for table `soba`
--
ALTER TABLE `soba`
  ADD PRIMARY KEY (`id_sobe`),
  ADD KEY `fk_hotel_soba` (`id_hotela`),
  ADD KEY `fk_tipsobe_soba` (`id_tipa_sobe`);

--
-- Indexes for table `tip_sobe`
--
ALTER TABLE `tip_sobe`
  ADD PRIMARY KEY (`id_tipa_sobe`);

--
-- Indexes for table `transport`
--
ALTER TABLE `transport`
  ADD PRIMARY KEY (`id_destinacije`,`id_prevoza`),
  ADD KEY `fk_prevoznosredstvo_transport` (`id_prevoza`);

--
-- AUTO_INCREMENT for dumped tables
--

--
-- AUTO_INCREMENT for table `aranzman`
--
ALTER TABLE `aranzman`
  MODIFY `id_rezervacije` int(11) NOT NULL AUTO_INCREMENT, AUTO_INCREMENT=14;
--
-- AUTO_INCREMENT for table `destinacija`
--
ALTER TABLE `destinacija`
  MODIFY `id_destinacije` int(11) NOT NULL AUTO_INCREMENT, AUTO_INCREMENT=14;
--
-- AUTO_INCREMENT for table `drzava`
--
ALTER TABLE `drzava`
  MODIFY `id_drzave` int(11) NOT NULL AUTO_INCREMENT, AUTO_INCREMENT=4;
--
-- AUTO_INCREMENT for table `hotel`
--
ALTER TABLE `hotel`
  MODIFY `id_hotela` int(11) NOT NULL AUTO_INCREMENT, AUTO_INCREMENT=117;
--
-- AUTO_INCREMENT for table `prevozno_sredstvo`
--
ALTER TABLE `prevozno_sredstvo`
  MODIFY `id_prevoza` int(11) NOT NULL AUTO_INCREMENT, AUTO_INCREMENT=4;
--
-- AUTO_INCREMENT for table `putnik`
--
ALTER TABLE `putnik`
  MODIFY `id_putnika` int(11) NOT NULL AUTO_INCREMENT, AUTO_INCREMENT=14;
--
-- AUTO_INCREMENT for table `slika`
--
ALTER TABLE `slika`
  MODIFY `id_slike` int(11) NOT NULL AUTO_INCREMENT, AUTO_INCREMENT=1027;
--
-- AUTO_INCREMENT for table `soba`
--
ALTER TABLE `soba`
  MODIFY `id_sobe` int(11) NOT NULL AUTO_INCREMENT, AUTO_INCREMENT=1152;
--
-- AUTO_INCREMENT for table `tip_sobe`
--
ALTER TABLE `tip_sobe`
  MODIFY `id_tipa_sobe` int(11) NOT NULL AUTO_INCREMENT, AUTO_INCREMENT=6;
--
-- Constraints for dumped tables
--

--
-- Constraints for table `aranzman`
--
ALTER TABLE `aranzman`
  ADD CONSTRAINT `fk_putnik_aranzman` FOREIGN KEY (`id_putnika`) REFERENCES `putnik` (`id_putnika`);

--
-- Constraints for table `cena_sobe`
--
ALTER TABLE `cena_sobe`
  ADD CONSTRAINT `fk_hotel_cenasobe` FOREIGN KEY (`id_hotela`) REFERENCES `hotel` (`id_hotela`),
  ADD CONSTRAINT `fk_tipsobe_cenasobe` FOREIGN KEY (`id_tipa_sobe`) REFERENCES `tip_sobe` (`id_tipa_sobe`);

--
-- Constraints for table `destinacija`
--
ALTER TABLE `destinacija`
  ADD CONSTRAINT `fk_drzava_destinacija` FOREIGN KEY (`id_drzave`) REFERENCES `drzava` (`id_drzave`);

--
-- Constraints for table `hotel`
--
ALTER TABLE `hotel`
  ADD CONSTRAINT `fk_destinacija_hotel` FOREIGN KEY (`id_destinacije`) REFERENCES `destinacija` (`id_destinacije`);

--
-- Constraints for table `putnik`
--
ALTER TABLE `putnik`
  ADD CONSTRAINT `fk_kreditnakartica_putnik` FOREIGN KEY (`broj_kartice`) REFERENCES `kreditna_kartica` (`broj_kartice`);

--
-- Constraints for table `rezervisana_soba`
--
ALTER TABLE `rezervisana_soba`
  ADD CONSTRAINT `fk_aranzman_rezervisanasoba` FOREIGN KEY (`id_rezervacije`) REFERENCES `aranzman` (`id_rezervacije`),
  ADD CONSTRAINT `fk_soba_rezervisanasoba` FOREIGN KEY (`id_sobe`) REFERENCES `soba` (`id_sobe`);

--
-- Constraints for table `slika`
--
ALTER TABLE `slika`
  ADD CONSTRAINT `fk_hotel_slika` FOREIGN KEY (`id_hotela`) REFERENCES `hotel` (`id_hotela`);

--
-- Constraints for table `soba`
--
ALTER TABLE `soba`
  ADD CONSTRAINT `fk_hotel_soba` FOREIGN KEY (`id_hotela`) REFERENCES `hotel` (`id_hotela`),
  ADD CONSTRAINT `fk_tipsobe_soba` FOREIGN KEY (`id_tipa_sobe`) REFERENCES `tip_sobe` (`id_tipa_sobe`);

--
-- Constraints for table `transport`
--
ALTER TABLE `transport`
  ADD CONSTRAINT `fk_destinacija_transport` FOREIGN KEY (`id_destinacije`) REFERENCES `destinacija` (`id_destinacije`),
  ADD CONSTRAINT `fk_prevoznosredstvo_transport` FOREIGN KEY (`id_prevoza`) REFERENCES `prevozno_sredstvo` (`id_prevoza`);

/*!40101 SET CHARACTER_SET_CLIENT=@OLD_CHARACTER_SET_CLIENT */;
/*!40101 SET CHARACTER_SET_RESULTS=@OLD_CHARACTER_SET_RESULTS */;
/*!40101 SET COLLATION_CONNECTION=@OLD_COLLATION_CONNECTION */;
